algoritmo,instancia,n_bits,k_clausulas,soluciones_esperadas,noise_level,noise_type,topology,classic_queries,quantum_queries,transpiled_depth,cx_gates,duration_ns,runs,mean,std,median,min,max,q25,q75,ci_margin,ci95_low,ci95_high,mean_ci_str
Grover k-SAT,2SAT_n2,2,8,1,0.0,ideal,ideal,4,1,6,2,600.0,25,100.0,0.0,100.0,100.0,100.0,100.0,100.0,0.0,100.0,100.0,100.0000 +/- 0.0000
Grover k-SAT,2SAT_n2,2,8,1,0.02,readout_only,ideal,4,1,6,2,600.0,25,95.98828125,0.5465842791246359,95.8984375,95.01953125,97.265625,95.60546875,96.19140625,0.22561890149876493,95.76266234850124,96.21390015149876,95.9883 +/- 0.2256
Grover k-SAT,2SAT_n2,2,8,1,0.05,readout_only,ideal,4,1,6,2,600.0,25,89.98046875,0.7008154342972326,90.0390625,88.18359375,91.30859375,89.453125,90.4296875,0.28928239336255496,89.69118635663744,90.26975114336256,89.9805 +/- 0.2893
Grover k-SAT,2SAT_n2,2,8,1,0.08,readout_only,ideal,4,1,6,2,600.0,25,84.6015625,0.918574572918481,84.765625,82.51953125,86.328125,83.984375,85.15625,0.37916894795890527,84.2223935520411,84.9807314479589,84.6016 +/- 0.3792
Grover k-SAT,2SAT_n2,2,8,1,0.1,readout_only,ideal,4,1,6,2,600.0,25,80.97265625,1.262840441638773,80.76171875,78.90625,84.27734375,80.2734375,81.34765625,0.5212749142127916,80.4513813357872,81.4939311642128,80.9727 +/- 0.5213
Grover k-SAT,2SAT_n2,2,8,1,0.02,depolarizing,ideal,4,1,6,2,600.0,25,91.4375,0.9471145981409634,91.69921875,89.453125,93.06640625,90.72265625,91.89453125,0.390949691360007,91.04655030864,91.82844969136,91.4375 +/- 0.3909
Grover k-SAT,2SAT_n2,2,8,1,0.05,depolarizing,ideal,4,1,6,2,600.0,25,79.82421875,1.5723869324320916,80.2734375,76.7578125,82.421875,79.00390625,80.6640625,0.6490494256338579,79.17516932436614,80.47326817563386,79.8242 +/- 0.6490
Grover k-SAT,2SAT_n2,2,8,1,0.08,depolarizing,ideal,4,1,6,2,600.0,25,69.7421875,1.6932591251322846,69.921875,66.2109375,72.36328125,68.75,71.09375,0.6989430145648085,69.0432444854352,70.4411305145648,69.7422 +/- 0.6989
Grover k-SAT,2SAT_n2,2,8,1,0.1,depolarizing,ideal,4,1,6,2,600.0,25,63.3984375,1.4443554157958047,63.28125,59.9609375,66.40625,62.890625,64.35546875,0.5962006130281206,62.802236886971876,63.994638113028124,63.3984 +/- 0.5962
Grover k-SAT,2SAT_n2,2,8,1,0.02,thermal,ideal,4,1,6,2,600.0,25,95.2109375,0.7359291027586213,95.21484375,93.75,96.875,94.7265625,95.41015625,0.3037766033287437,94.90716089667126,95.51471410332874,95.2109 +/- 0.3038
Grover k-SAT,2SAT_n2,2,8,1,0.05,thermal,ideal,4,1,6,2,600.0,25,90.04296875,0.9347663867701312,90.0390625,87.98828125,91.89453125,89.453125,90.52734375,0.3858526002226192,89.65711614977738,90.42882135022262,90.0430 +/- 0.3859
Grover k-SAT,2SAT_n2,2,8,1,0.08,thermal,ideal,4,1,6,2,600.0,25,84.2734375,0.7593152853428795,84.375,82.71484375,86.03515625,83.7890625,84.66796875,0.31342994504826777,83.96000755495173,84.58686744504827,84.2734 +/- 0.3134
Grover k-SAT,2SAT_n2,2,8,1,0.1,thermal,ideal,4,1,6,2,600.0,25,80.37890625,0.8494409854680717,80.2734375,78.90625,82.71484375,79.78515625,80.95703125,0.35063200561908825,80.02827424438091,80.72953825561909,80.3789 +/- 0.3506
Grover k-SAT,2SAT_n2,2,8,1,0.0,ideal,line,4,1,12,2,900.0,25,100.0,0.0,100.0,100.0,100.0,100.0,100.0,0.0,100.0,100.0,100.0000 +/- 0.0000
Grover k-SAT,2SAT_n2,2,8,1,0.02,readout_only,line,4,1,12,2,900.0,25,95.9296875,0.5877792235951388,95.8984375,94.7265625,96.875,95.60546875,96.38671875,0.24262333882656834,95.68706416117344,96.17231083882656,95.9297 +/- 0.2426
Grover k-SAT,2SAT_n2,2,8,1,0.05,readout_only,line,4,1,12,2,900.0,25,90.109375,1.0048475392153067,90.0390625,88.28125,92.28515625,89.6484375,90.8203125,0.4147806781683855,89.69459432183162,90.52415567816838,90.1094 +/- 0.4148
Grover k-SAT,2SAT_n2,2,8,1,0.08,readout_only,line,4,1,12,2,900.0,25,84.609375,1.0559376030799865,84.66796875,81.93359375,86.5234375,84.08203125,85.3515625,0.4358696200331448,84.17350537996685,85.04524462003315,84.6094 +/- 0.4359
Grover k-SAT,2SAT_n2,2,8,1,0.1,readout_only,line,4,1,12,2,900.0,25,81.08984375,1.3119781910083874,80.859375,78.90625,83.69140625,80.56640625,81.54296875,0.5415579802619087,80.54828576973809,81.63140173026191,81.0898 +/- 0.5416
Grover k-SAT,2SAT_n2,2,8,1,0.02,depolarizing,line,4,1,12,2,900.0,25,89.98046875,1.025003026942304,90.0390625,88.0859375,91.69921875,89.453125,90.52734375,0.4231004545941177,89.55736829540588,90.40356920459412,89.9805 +/- 0.4231
Grover k-SAT,2SAT_n2,2,8,1,0.05,depolarizing,line,4,1,12,2,900.0,25,76.828125,1.0447849647456617,76.953125,74.12109375,78.125,76.26953125,77.734375,0.43126603718983064,76.39685896281017,77.25939103718983,76.8281 +/- 0.4313
Grover k-SAT,2SAT_n2,2,8,1,0.08,depolarizing,line,4,1,12,2,900.0,25,65.625,1.3508134063311477,65.8203125,62.98828125,67.578125,64.35546875,66.6015625,0.5575883692709406,65.06741163072905,66.18258836927095,65.6250 +/- 0.5576
Grover k-SAT,2SAT_n2,2,8,1,0.1,depolarizing,line,4,1,12,2,900.0,25,59.59765625,1.1487657419592074,59.9609375,57.421875,61.42578125,59.08203125,60.546875,0.47418719249543084,59.12346905750457,60.07184344249543,59.5977 +/- 0.4742
Grover k-SAT,2SAT_n2,2,8,1,0.02,thermal,line,4,1,12,2,900.0,25,94.6796875,0.7025822558048809,94.62890625,93.45703125,95.99609375,94.140625,95.21484375,0.2900117014362127,94.38967579856379,94.96969920143621,94.6797 +/- 0.2900
Grover k-SAT,2SAT_n2,2,8,1,0.05,thermal,line,4,1,12,2,900.0,25,89.0078125,1.0529529766851065,88.8671875,87.59765625,92.3828125,88.28125,89.453125,0.4346376268084668,88.57317487319153,89.44245012680847,89.0078 +/- 0.4346
Grover k-SAT,2SAT_n2,2,8,1,0.08,thermal,line,4,1,12,2,900.0,25,83.05859375,1.4205320394936063,83.10546875,80.6640625,86.23046875,81.93359375,84.1796875,0.5863668066114746,82.47222694338852,83.64496055661148,83.0586 +/- 0.5864
Grover k-SAT,2SAT_n2,2,8,1,0.1,thermal,line,4,1,12,2,900.0,25,79.7265625,1.280439415053186,79.8828125,77.83203125,82.51953125,78.7109375,80.56640625,0.5285394133960188,79.19802308660398,80.25510191339602,79.7266 +/- 0.5285
Grover k-SAT,2SAT_n2,2,8,1,0.0,ideal,heavy-hex,4,1,12,0,300.0,25,100.0,0.0,100.0,100.0,100.0,100.0,100.0,0.0,100.0,100.0,100.0000 +/- 0.0000
Grover k-SAT,2SAT_n2,2,8,1,0.02,readout_only,heavy-hex,4,1,12,0,300.0,25,96.109375,0.4839324570283489,96.09375,95.1171875,96.97265625,95.8984375,96.484375,0.19975750039718462,95.90961749960282,96.30913250039718,96.1094 +/- 0.1998
Grover k-SAT,2SAT_n2,2,8,1,0.05,readout_only,heavy-hex,4,1,12,0,300.0,25,90.19140625,0.9303348969196159,90.0390625,88.37890625,92.08984375,89.74609375,90.625,0.3840233711169496,89.80738287888305,90.57542962111695,90.1914 +/- 0.3840
Grover k-SAT,2SAT_n2,2,8,1,0.08,readout_only,heavy-hex,4,1,12,0,300.0,25,84.6484375,1.4157349757801194,84.86328125,82.03125,86.71875,83.49609375,85.64453125,0.5843866760318138,84.06405082396819,85.23282417603181,84.6484 +/- 0.5844
Grover k-SAT,2SAT_n2,2,8,1,0.1,readout_only,heavy-hex,4,1,12,0,300.0,25,81.6171875,1.1555806189859328,81.8359375,78.515625,83.3984375,81.25,82.51953125,0.47700023547405684,81.14018726452595,82.09418773547405,81.6172 +/- 0.4770
Grover k-SAT,2SAT_n2,2,8,1,0.02,depolarizing,heavy-hex,4,1,12,0,300.0,25,92.34765625,0.6811946368105088,92.3828125,91.11328125,94.04296875,92.08984375,92.7734375,0.2811833262203862,92.06647292377961,92.62883957622039,92.3477 +/- 0.2812
Grover k-SAT,2SAT_n2,2,8,1,0.05,depolarizing,heavy-hex,4,1,12,0,300.0,25,81.64453125,1.0332966541630517,81.640625,79.58984375,83.30078125,81.15234375,82.51953125,0.4265238956524337,81.21800735434756,82.07105514565244,81.6445 +/- 0.4265
Grover k-SAT,2SAT_n2,2,8,1,0.08,depolarizing,heavy-hex,4,1,12,0,300.0,25,72.01953125,1.4545318465607775,72.16796875,69.04296875,74.90234375,71.2890625,72.65625,0.6004012371917875,71.41913001280821,72.61993248719179,72.0195 +/- 0.6004
Grover k-SAT,2SAT_n2,2,8,1,0.1,depolarizing,heavy-hex,4,1,12,0,300.0,25,66.6328125,1.6497645046295781,66.015625,64.35546875,70.5078125,65.4296875,67.48046875,0.68098931762599,65.95182318237401,67.31380181762599,66.6328 +/- 0.6810
Grover k-SAT,2SAT_n2,2,8,1,0.02,thermal,heavy-hex,4,1,12,0,300.0,25,95.73046875,0.6656403589043739,95.703125,94.43359375,97.265625,95.21484375,96.2890625,0.2747628358608593,95.45570591413914,96.00523158586086,95.7305 +/- 0.2748
Grover k-SAT,2SAT_n2,2,8,1,0.05,thermal,heavy-hex,4,1,12,0,300.0,25,89.68359375,0.7832209837947272,89.55078125,88.18359375,91.69921875,89.2578125,90.13671875,0.3232977323781641,89.36029601762183,90.00689148237817,89.6836 +/- 0.3233
Grover k-SAT,2SAT_n2,2,8,1,0.08,thermal,heavy-hex,4,1,12,0,300.0,25,84.19921875,1.213847938931255,84.27734375,82.32421875,87.01171875,83.69140625,84.765625,0.5010518030390709,83.69816694696092,84.70027055303908,84.1992 +/- 0.5011
Grover k-SAT,2SAT_n2,2,8,1,0.1,thermal,heavy-hex,4,1,12,0,300.0,25,80.21875,1.3590485045530438,80.078125,77.63671875,82.51953125,79.39453125,81.15234375,0.5609876507459478,79.65776234925406,80.77973765074594,80.2188 +/- 0.5610
Grover k-SAT,2SAT_n3,3,6,1,0.0,ideal,ideal,8,2,46,24,7200.0,25,94.25,0.6720566614877053,94.23828125,92.67578125,95.21484375,93.75,94.7265625,0.27741135539540085,93.9725886446046,94.5274113553954,94.2500 +/- 0.2774
Grover k-SAT,2SAT_n3,3,6,1,0.02,readout_only,ideal,8,2,46,24,7200.0,25,89.13671875,0.981546526445626,89.0625,87.20703125,91.11328125,88.4765625,89.55078125,0.4051624928204215,88.73155625717958,89.54188124282042,89.1367 +/- 0.4052
Grover k-SAT,2SAT_n3,3,6,1,0.05,readout_only,ideal,8,2,46,24,7200.0,25,81.28125,1.2228886685044722,81.15234375,79.19921875,83.59375,80.56640625,82.03125,0.5047836327915171,80.77646636720849,81.78603363279151,81.2812 +/- 0.5048
Grover k-SAT,2SAT_n3,3,6,1,0.08,readout_only,ideal,8,2,46,24,7200.0,25,73.88671875,1.6495910754322822,73.828125,70.5078125,76.7578125,72.55859375,75.0,0.6809177295718214,73.20580102042818,74.56763647957182,73.8867 +/- 0.6809
Grover k-SAT,2SAT_n3,3,6,1,0.1,readout_only,ideal,8,2,46,24,7200.0,25,69.05078125,1.641845249331954,69.140625,65.625,72.75390625,67.87109375,70.1171875,0.6777204097024038,68.3730608402976,69.7285016597024,69.0508 +/- 0.6777
Grover k-SAT,2SAT_n3,3,6,1,0.02,depolarizing,ideal,8,2,46,24,7200.0,25,59.85546875,1.3723859503122957,59.9609375,55.6640625,62.59765625,59.27734375,60.44921875,0.5664930777696102,59.28897567223039,60.42196182776961,59.8555 +/- 0.5665
Grover k-SAT,2SAT_n3,3,6,1,0.05,depolarizing,ideal,8,2,46,24,7200.0,25,32.8828125,1.3989406937741378,32.421875,30.37109375,35.44921875,31.8359375,33.984375,0.5774543371366696,32.30535816286333,33.46026683713667,32.8828 +/- 0.5775
Grover k-SAT,2SAT_n3,3,6,1,0.08,depolarizing,ideal,8,2,46,24,7200.0,25,20.9921875,1.1306215342504924,20.8984375,18.75,22.65625,20.41015625,22.16796875,0.4666976316570514,20.525489868342948,21.458885131657052,20.9922 +/- 0.4667
Grover k-SAT,2SAT_n3,3,6,1,0.1,depolarizing,ideal,8,2,46,24,7200.0,25,17.29296875,1.1349852322641394,17.48046875,15.0390625,19.140625,16.40625,18.1640625,0.4684988776678004,16.824469872332198,17.761467627667802,17.2930 +/- 0.4685
Grover k-SAT,2SAT_n3,3,6,1,0.02,thermal,ideal,8,2,46,24,7200.0,25,78.609375,1.5457475965772092,79.00390625,75.9765625,81.640625,77.34375,79.58984375,0.6380532482431344,77.97132175175686,79.24742824824314,78.6094 +/- 0.6381
Grover k-SAT,2SAT_n3,3,6,1,0.05,thermal,ideal,8,2,46,24,7200.0,25,71.71484375,1.979974949739277,71.77734375,68.65234375,77.05078125,70.60546875,72.65625,0.8172934901652812,70.89755025983472,72.53213724016528,71.7148 +/- 0.8173
Grover k-SAT,2SAT_n3,3,6,1,0.08,thermal,ideal,8,2,46,24,7200.0,25,65.72265625,1.9808016264671011,65.8203125,61.42578125,69.82421875,64.74609375,67.1875,0.8176347255471788,64.90502152445282,66.54029097554718,65.7227 +/- 0.8176
Grover k-SAT,2SAT_n3,3,6,1,0.1,thermal,ideal,8,2,46,24,7200.0,25,60.15625,1.618463918575007,60.05859375,56.54296875,62.79296875,59.375,61.1328125,0.6680690707187613,59.48818092928124,60.82431907071876,60.1562 +/- 0.6681
Grover k-SAT,2SAT_n3,3,6,1,0.0,ideal,line,8,2,133,39,14850.0,25,94.4296875,0.7084174012803814,94.53125,92.96875,95.80078125,93.9453125,95.01953125,0.2924203311069679,94.13726716889303,94.72210783110697,94.4297 +/- 0.2924
Grover k-SAT,2SAT_n3,3,6,1,0.02,readout_only,line,8,2,147,39,14900.0,25,88.91015625,1.0991137546840533,89.0625,86.1328125,90.72265625,88.0859375,89.84375,0.45369185947159807,88.4564643905284,89.3638481094716,88.9102 +/- 0.4537
Grover k-SAT,2SAT_n3,3,6,1,0.05,readout_only,line,8,2,147,39,14900.0,25,81.15625,1.203485344102724,81.4453125,78.90625,83.49609375,80.2734375,81.73828125,0.4967743341268031,80.6594756658732,81.6530243341268,81.1562 +/- 0.4968
Grover k-SAT,2SAT_n3,3,6,1,0.08,readout_only,line,8,2,138,39,15000.0,25,73.61328125,1.6926300813242614,73.33984375,69.62890625,76.46484375,72.55859375,75.1953125,0.6986833580426925,72.91459789195731,74.31196460804269,73.6133 +/- 0.6987
Grover k-SAT,2SAT_n3,3,6,1,0.1,readout_only,line,8,2,147,39,14900.0,25,68.70703125,1.1746116050375128,68.84765625,65.91796875,70.8984375,68.359375,69.43359375,0.48485584042170066,68.2221754095783,69.1918870904217,68.7070 +/- 0.4849
Grover k-SAT,2SAT_n3,3,6,1,0.02,depolarizing,line,8,2,133,37,14200.0,25,42.44140625,1.8083993410406984,42.7734375,38.96484375,45.99609375,41.015625,43.359375,0.7464705597645915,41.69493569023541,43.18787680976459,42.4414 +/- 0.7465
Grover k-SAT,2SAT_n3,3,6,1,0.05,depolarizing,line,8,2,132,37,14250.0,25,18.640625,1.1555943735237688,18.5546875,16.2109375,21.77734375,17.96875,19.3359375,0.477005913068228,18.16361908693177,19.11763091306823,18.6406 +/- 0.4770
Grover k-SAT,2SAT_n3,3,6,1,0.08,depolarizing,line,8,2,134,39,14900.0,25,13.6015625,0.9453508353538896,13.28125,11.81640625,16.30859375,12.98828125,14.2578125,0.3902216458641481,13.211340854135852,13.991784145864148,13.6016 +/- 0.3902
Grover k-SAT,2SAT_n3,3,6,1,0.1,depolarizing,line,8,2,134,37,14250.0,25,12.8828125,0.7973200733183671,12.98828125,10.9375,14.453125,12.40234375,13.37890625,0.3291175504957851,12.553694949504214,13.211930050495786,12.8828 +/- 0.3291
Grover k-SAT,2SAT_n3,3,6,1,0.02,thermal,line,8,2,147,39,14900.0,25,68.18359375,1.4407744776256983,68.65234375,64.6484375,70.41015625,67.1875,69.23828125,0.5947224744004083,67.58887127559959,68.77831622440041,68.1836 +/- 0.5947
Grover k-SAT,2SAT_n3,3,6,1,0.05,thermal,line,8,2,131,37,14200.0,25,63.58203125,1.9855943673004006,63.96484375,60.05859375,66.9921875,62.01171875,65.4296875,0.8196130717295993,62.7624181782704,64.4016443217296,63.5820 +/- 0.8196
Grover k-SAT,2SAT_n3,3,6,1,0.08,thermal,line,8,2,138,39,15000.0,25,57.015625,1.1829043689897887,57.12890625,54.8828125,60.15625,56.0546875,57.71484375,0.4882789251403052,56.52734607485969,57.50390392514031,57.0156 +/- 0.4883
Grover k-SAT,2SAT_n3,3,6,1,0.1,thermal,line,8,2,137,39,14950.0,25,53.203125,1.2998434510482688,53.3203125,50.78125,55.46875,52.1484375,54.19921875,0.5365490057920248,52.666575994207975,53.739674005792025,53.2031 +/- 0.5365
Grover k-SAT,2SAT_n3,3,6,1,0.0,ideal,heavy-hex,8,2,186,0,4900.0,25,94.734375,0.6634878027915245,94.82421875,92.96875,95.703125,94.3359375,95.3125,0.2738743043678326,94.46050069563216,95.00824930436784,94.7344 +/- 0.2739
Grover k-SAT,2SAT_n3,3,6,1,0.02,readout_only,heavy-hex,8,2,186,0,4900.0,25,88.671875,0.6812646333481884,88.671875,87.5,89.74609375,88.18359375,89.16015625,0.2812122193710734,88.39066278062893,88.95308721937107,88.6719 +/- 0.2812
Grover k-SAT,2SAT_n3,3,6,1,0.05,readout_only,heavy-hex,8,2,187,0,4900.0,25,81.09375,1.1534191221696988,81.0546875,78.3203125,83.30078125,80.46875,81.73828125,0.4761080134400591,80.61764198655995,81.56985801344005,81.0938 +/- 0.4761
Grover k-SAT,2SAT_n3,3,6,1,0.08,readout_only,heavy-hex,8,2,186,0,4900.0,25,73.67578125,1.2378611849936172,73.53515625,70.5078125,75.78125,72.8515625,74.609375,0.5109639838406967,73.1648172661593,74.1867452338407,73.6758 +/- 0.5110
Grover k-SAT,2SAT_n3,3,6,1,0.1,readout_only,heavy-hex,8,2,173,0,4550.0,25,68.95703125,1.5124427973751706,68.65234375,66.11328125,73.046875,68.359375,69.7265625,0.6243057028094549,68.33272554719055,69.58133695280945,68.9570 +/- 0.6243
Grover k-SAT,2SAT_n3,3,6,1,0.02,depolarizing,heavy-hex,8,2,173,0,4550.0,25,65.8828125,1.4240969110722945,65.91796875,63.37890625,68.45703125,65.13671875,66.6015625,0.5878383132762032,65.29497418672379,66.47065081327621,65.8828 +/- 0.5878
Grover k-SAT,2SAT_n3,3,6,1,0.05,depolarizing,heavy-hex,8,2,182,0,4700.0,25,39.703125,1.4756760938912141,39.35546875,37.6953125,43.45703125,38.4765625,40.8203125,0.6091291535221866,39.09399584647781,40.31225415352219,39.7031 +/- 0.6091
Grover k-SAT,2SAT_n3,3,6,1,0.08,depolarizing,heavy-hex,8,2,174,0,4550.0,25,27.06640625,2.034182266035932,26.66015625,22.65625,31.73828125,26.171875,28.61328125,0.8396691705921574,26.226737079407844,27.906075420592156,27.0664 +/- 0.8397
Grover k-SAT,2SAT_n3,3,6,1,0.1,depolarizing,heavy-hex,8,2,173,0,4550.0,25,22.08203125,1.1149932012650066,22.16796875,19.53125,24.31640625,21.2890625,22.75390625,0.46024657286317383,21.621784677136827,22.542277822863173,22.0820 +/- 0.4602
Grover k-SAT,2SAT_n3,3,6,1,0.02,thermal,heavy-hex,8,2,183,0,4700.0,25,81.3203125,1.1508393030658624,81.34765625,79.1015625,83.49609375,80.2734375,82.2265625,0.47504311645252534,80.84526938354747,81.79535561645253,81.3203 +/- 0.4750
Grover k-SAT,2SAT_n3,3,6,1,0.05,thermal,heavy-hex,8,2,183,0,4700.0,25,73.9296875,1.1292148331132197,74.12109375,71.2890625,76.171875,73.4375,74.51171875,0.4661169739662799,73.46357052603372,74.39580447396628,73.9297 +/- 0.4661
Grover k-SAT,2SAT_n3,3,6,1,0.08,thermal,heavy-hex,8,2,179,0,4500.0,25,67.53515625,1.8222073582815763,67.67578125,62.79296875,70.01953125,66.9921875,68.359375,0.7521702291490681,66.78298602085093,68.28732647914907,67.5352 +/- 0.7522
Grover k-SAT,2SAT_n3,3,6,1,0.1,thermal,heavy-hex,8,2,179,0,4500.0,25,62.91015625,1.1173713017145117,62.890625,60.25390625,65.13671875,62.5,63.37890625,0.46122820448260193,62.4489280455174,63.3713844544826,62.9102 +/- 0.4612
Grover k-SAT,2SAT_n4,4,8,1,0.0,ideal,ideal,16,3,158,84,25200.0,25,95.96484375,0.6457631062708468,95.99609375,94.43359375,97.265625,95.80078125,96.2890625,0.26655790923696865,95.69828584076303,96.23140165923697,95.9648 +/- 0.2666
Grover k-SAT,2SAT_n4,4,8,1,0.02,readout_only,ideal,16,3,158,84,25200.0,25,88.83203125,1.0786043290215297,89.0625,86.328125,90.91796875,88.18359375,89.55078125,0.44522598464665825,88.38680526535335,89.27725723464665,88.8320 +/- 0.4452
Grover k-SAT,2SAT_n4,4,8,1,0.05,readout_only,ideal,16,3,158,84,25200.0,25,78.18359375,1.1589181718045507,78.41796875,76.26953125,80.76171875,77.24609375,79.00390625,0.4783779095663975,77.7052158404336,78.6619716595664,78.1836 +/- 0.4784
Grover k-SAT,2SAT_n4,4,8,1,0.08,readout_only,ideal,16,3,158,84,25200.0,25,69.23828125,1.6297186785428355,69.04296875,66.30859375,73.2421875,68.06640625,70.1171875,0.6727148073005753,68.56556644269942,69.91099605730058,69.2383 +/- 0.6727
Grover k-SAT,2SAT_n4,4,8,1,0.1,readout_only,ideal,16,3,158,84,25200.0,25,62.765625,1.547813054035965,62.5,59.66796875,65.72265625,61.71875,63.76953125,0.6389058271787803,62.12671917282122,63.40453082717878,62.7656 +/- 0.6389
Grover k-SAT,2SAT_n4,4,8,1,0.02,depolarizing,ideal,16,3,158,84,25200.0,25,24.8828125,1.685336763289941,25.1953125,21.58203125,28.125,24.31640625,25.78125,0.6956728243225866,24.187139675677415,25.578485324322585,24.8828 +/- 0.6957
Grover k-SAT,2SAT_n4,4,8,1,0.05,depolarizing,ideal,16,3,158,84,25200.0,25,7.765625,1.010211307591797,7.8125,6.15234375,10.44921875,6.93359375,8.59375,0.4169947329358143,7.348630267064186,8.182619732935814,7.7656 +/- 0.4170
Grover k-SAT,2SAT_n4,4,8,1,0.08,depolarizing,ideal,16,3,158,84,25200.0,25,6.65234375,0.5519378278429885,6.640625,5.37109375,7.71484375,6.54296875,6.93359375,0.2278287377986476,6.424515012201352,6.880172487798648,6.6523 +/- 0.2278
Grover k-SAT,2SAT_n4,4,8,1,0.1,depolarizing,ideal,16,3,158,84,25200.0,25,6.42578125,0.6928319223239832,6.34765625,4.8828125,7.8125,5.95703125,6.93359375,0.2859869615868891,6.1397942884131105,6.7117682115868895,6.4258 +/- 0.2860
Grover k-SAT,2SAT_n4,4,8,1,0.02,thermal,ideal,16,3,158,84,25200.0,25,57.89453125,2.017706690603627,57.91015625,52.44140625,61.62109375,56.8359375,58.984375,0.8328683873048119,57.06166286269519,58.72739963730481,57.8945 +/- 0.8329
Grover k-SAT,2SAT_n4,4,8,1,0.05,thermal,ideal,16,3,158,84,25200.0,25,51.98046875,1.7799442256804574,51.7578125,48.4375,55.56640625,50.87890625,53.125,0.7347248654319993,51.245743884568,52.715193615432,51.9805 +/- 0.7347
Grover k-SAT,2SAT_n4,4,8,1,0.08,thermal,ideal,16,3,158,84,25200.0,25,44.71875,1.2304041608378775,44.3359375,42.578125,47.94921875,43.9453125,45.41015625,0.5078858755548854,44.210864124445116,45.226635875554884,44.7188 +/- 0.5079
Grover k-SAT,2SAT_n4,4,8,1,0.1,thermal,ideal,16,3,158,84,25200.0,25,40.98828125,1.4265056842521784,40.8203125,37.890625,43.06640625,40.234375,42.08984375,0.5888326059764533,40.39944864402354,41.57711385597646,40.9883 +/- 0.5888
Grover k-SAT,2SAT_n4,4,8,1,0.0,ideal,line,16,3,593,163,63300.0,25,95.97265625,0.6732145455203193,95.8984375,94.62890625,97.4609375,95.60546875,96.2890625,0.27788930643328974,95.6947669435667,96.2505455564333,95.9727 +/- 0.2779
Grover k-SAT,2SAT_n4,4,8,1,0.02,readout_only,line,16,3,596,167,64450.0,25,88.8125,0.9822749589865779,89.0625,87.109375,90.52734375,88.28125,89.35546875,0.4054631749951242,88.40703682500488,89.21796317499512,88.8125 +/- 0.4055
Grover k-SAT,2SAT_n4,4,8,1,0.05,readout_only,line,16,3,596,167,64450.0,25,78.48046875,1.1409075661344747,78.90625,75.48828125,80.17578125,77.63671875,79.19921875,0.47094349693909365,78.0095252530609,78.9514122469391,78.4805 +/- 0.4709
Grover k-SAT,2SAT_n4,4,8,1,0.08,readout_only,line,16,3,593,165,64000.0,25,68.9375,1.4723980556705607,69.04296875,65.234375,71.2890625,68.26171875,69.82421875,0.6077760458484729,68.32972395415153,69.54527604584847,68.9375 +/- 0.6078
Grover k-SAT,2SAT_n4,4,8,1,0.1,readout_only,line,16,3,593,165,64000.0,25,62.98046875,1.5619709390760856,62.890625,59.47265625,65.4296875,61.81640625,64.2578125,0.6447499148927803,62.33571883510722,63.62521866489278,62.9805 +/- 0.6447
Grover k-SAT,2SAT_n4,4,8,1,0.02,depolarizing,line,16,3,596,167,64450.0,25,8.5625,0.8832898495125783,8.3984375,7.12890625,10.7421875,8.10546875,8.984375,0.3646041299819282,8.197895870018073,8.927104129981927,8.5625 +/- 0.3646
Grover k-SAT,2SAT_n4,4,8,1,0.05,depolarizing,line,16,3,593,165,64000.0,25,6.22265625,0.6115028204864559,6.15234375,4.78515625,7.421875,5.859375,6.4453125,0.2524159583266948,5.9702402916733055,6.4750722083266945,6.2227 +/- 0.2524
Grover k-SAT,2SAT_n4,4,8,1,0.08,depolarizing,line,16,3,593,163,63300.0,25,6.25390625,0.6294094939188288,6.25,4.4921875,7.51953125,5.95703125,6.4453125,0.2598074698348182,5.9940987801651815,6.5137137198348185,6.2539 +/- 0.2598
Grover k-SAT,2SAT_n4,4,8,1,0.1,depolarizing,line,16,3,593,163,63300.0,25,6.30078125,0.9213389761826009,6.4453125,3.515625,7.8125,5.859375,6.8359375,0.3803100375430206,5.920471212456979,6.681091287543021,6.3008 +/- 0.3803
Grover k-SAT,2SAT_n4,4,8,1,0.02,thermal,line,16,3,594,179,68500.0,25,30.26171875,1.3184558220893987,30.46875,27.44140625,32.6171875,29.58984375,31.0546875,0.5442318149560799,29.71748693504392,30.80595056495608,30.2617 +/- 0.5442
Grover k-SAT,2SAT_n4,4,8,1,0.05,thermal,line,16,3,593,165,64000.0,25,28.13671875,1.4152633598041626,28.22265625,24.90234375,30.46875,27.1484375,29.19921875,0.5841920025249302,27.55252674747507,28.72091075252493,28.1367 +/- 0.5842
Grover k-SAT,2SAT_n4,4,8,1,0.08,thermal,line,16,3,596,167,64450.0,25,24.609375,1.0693991074853648,24.70703125,22.16796875,26.5625,23.828125,25.09765625,0.4414262559490667,24.167948744050932,25.050801255949068,24.6094 +/- 0.4414
Grover k-SAT,2SAT_n4,4,8,1,0.1,thermal,line,16,3,596,167,64450.0,25,23.11328125,1.1359651040103727,23.14453125,20.703125,25.68359375,22.265625,23.53515625,0.4689033488453266,22.644377901154673,23.582184598845327,23.1133 +/- 0.4689
Grover k-SAT,2SAT_n4,4,8,1,0.0,ideal,heavy-hex,16,3,472,0,11750.0,25,96.42578125,0.5378486862584084,96.38671875,95.5078125,97.65625,96.09375,96.77734375,0.22201302598844994,96.20376822401155,96.64779427598845,96.4258 +/- 0.2220
Grover k-SAT,2SAT_n4,4,8,1,0.02,readout_only,heavy-hex,16,3,497,0,13350.0,25,88.55859375,0.9686692727201113,88.76953125,85.9375,90.234375,88.4765625,88.96484375,0.39984702373205966,88.15874672626794,88.95844077373206,88.5586 +/- 0.3998
Grover k-SAT,2SAT_n4,4,8,1,0.05,readout_only,heavy-hex,16,3,479,0,11700.0,25,78.375,1.3619692080579195,78.3203125,76.07421875,81.54296875,77.5390625,79.19921875,0.5621932578984788,77.81280674210151,78.93719325789849,78.3750 +/- 0.5622
Grover k-SAT,2SAT_n4,4,8,1,0.08,readout_only,heavy-hex,16,3,476,0,11650.0,25,68.53515625,1.3425514731315937,68.5546875,65.91796875,71.09375,67.3828125,69.04296875,0.5541780108615753,67.98097823913842,69.08933426086158,68.5352 +/- 0.5542
Grover k-SAT,2SAT_n4,4,8,1,0.1,readout_only,heavy-hex,16,3,479,0,11700.0,25,63.1015625,1.2945378704128137,63.0859375,60.7421875,65.72265625,62.40234375,64.16015625,0.5343589697436013,62.5672035302564,63.6359214697436,63.1016 +/- 0.5344
Grover k-SAT,2SAT_n4,4,8,1,0.02,depolarizing,heavy-hex,16,3,472,0,11750.0,25,40.28125,1.7843144697710953,40.33203125,37.40234375,43.5546875,39.16015625,41.69921875,0.7365288135305256,39.544721186469474,41.017778813530526,40.2812 +/- 0.7365
Grover k-SAT,2SAT_n4,4,8,1,0.05,depolarizing,heavy-hex,16,3,476,0,11650.0,25,14.3515625,1.0647367980191111,14.453125,12.109375,16.69921875,13.671875,14.94140625,0.4395017491888135,13.912060750811186,14.791064249188814,14.3516 +/- 0.4395
Grover k-SAT,2SAT_n4,4,8,1,0.08,depolarizing,heavy-hex,16,3,497,0,13350.0,25,7.82421875,0.7116856254297675,8.0078125,6.640625,9.08203125,7.2265625,8.3984375,0.29376938773116706,7.530449362268833,8.117988137731167,7.8242 +/- 0.2938
Grover k-SAT,2SAT_n4,4,8,1,0.1,depolarizing,heavy-hex,16,3,472,0,11750.0,25,6.9375,0.8148495862586613,6.93359375,5.6640625,8.30078125,6.25,7.51953125,0.33635337780448776,6.601146622195512,7.273853377804488,6.9375 +/- 0.3364
Grover k-SAT,2SAT_n4,4,8,1,0.02,thermal,heavy-hex,16,3,476,0,11650.0,25,68.1796875,1.3901530975995504,68.06640625,65.72265625,71.38671875,67.578125,69.04296875,0.5738269957156898,67.60586050428431,68.75351449571569,68.1797 +/- 0.5738
Grover k-SAT,2SAT_n4,4,8,1,0.05,thermal,heavy-hex,16,3,476,0,11650.0,25,59.83984375,1.3591069801333762,59.5703125,56.93359375,62.6953125,59.1796875,60.7421875,0.5610117882791755,59.278831961720826,60.400855538279174,59.8398 +/- 0.5610
Grover k-SAT,2SAT_n4,4,8,1,0.08,thermal,heavy-hex,16,3,472,0,11750.0,25,52.86328125,1.12612801972651,52.83203125,50.87890625,55.76171875,52.1484375,53.7109375,0.464842800024511,52.39843844997549,53.32812405002451,52.8633 +/- 0.4648
Grover k-SAT,2SAT_n4,4,8,1,0.1,thermal,heavy-hex,16,3,476,0,11650.0,25,47.5703125,1.1827834306753744,47.8515625,44.921875,49.21875,46.6796875,48.53515625,0.4882290042576722,47.082083495742324,48.058541504257676,47.5703 +/- 0.4882
Grover k-SAT,2SAT_n5,5,10,1,0.0,ideal,ideal,32,4,514,288,86400.0,25,99.91015625,0.08419607523683309,99.90234375,99.70703125,100.0,99.90234375,100.0,0.034754431715204884,99.8754018182848,99.9449106817152,99.9102 +/- 0.0348
Grover k-SAT,2SAT_n5,5,10,1,0.02,readout_only,ideal,32,4,514,288,86400.0,25,90.51953125,0.8927761222772838,90.33203125,89.16015625,92.7734375,90.0390625,91.11328125,0.3685198709247855,90.15101137907521,90.88805112092479,90.5195 +/- 0.3685
Grover k-SAT,2SAT_n5,5,10,1,0.05,readout_only,ideal,32,4,514,288,86400.0,25,77.1171875,1.27879980005846,77.24609375,74.4140625,80.17578125,76.26953125,77.734375,0.5278626135901712,76.58932488640983,77.64505011359017,77.1172 +/- 0.5279
Grover k-SAT,2SAT_n5,5,10,1,0.08,readout_only,ideal,32,4,514,288,86400.0,25,65.83203125,1.2538849540637067,65.8203125,62.890625,67.96875,64.94140625,66.796875,0.5175782706278202,65.31445297937218,66.34960952062782,65.8320 +/- 0.5176
Grover k-SAT,2SAT_n5,5,10,1,0.1,readout_only,ideal,32,4,514,288,86400.0,25,59.4296875,1.3985316069068936,59.47265625,56.34765625,61.9140625,58.3984375,60.64453125,0.5772854743772924,58.85240202562271,60.00697297437729,59.4297 +/- 0.5773
Grover k-SAT,2SAT_n5,5,10,1,0.02,depolarizing,ideal,32,4,514,288,86400.0,25,4.12890625,0.6075914152461829,4.1015625,3.22265625,5.6640625,3.7109375,4.4921875,0.25080140959682606,3.878104840403174,4.379707659596826,4.1289 +/- 0.2508
Grover k-SAT,2SAT_n5,5,10,1,0.05,depolarizing,ideal,32,4,514,288,86400.0,25,3.1328125,0.5363097741307024,3.125,2.24609375,4.19921875,2.734375,3.3203125,0.22137779428308102,2.911434705716919,3.354190294283081,3.1328 +/- 0.2214
Grover k-SAT,2SAT_n5,5,10,1,0.08,depolarizing,ideal,32,4,514,288,86400.0,25,3.046875,0.5825367893285572,3.22265625,1.46484375,4.39453125,2.63671875,3.41796875,0.24045936831812292,2.806415631681877,3.287334368318123,3.0469 +/- 0.2405
Grover k-SAT,2SAT_n5,5,10,1,0.1,depolarizing,ideal,32,4,514,288,86400.0,25,3.20703125,0.5157322627543318,3.22265625,2.24609375,4.1015625,2.83203125,3.515625,0.21288381505676596,2.994147434943234,3.419915065056766,3.2070 +/- 0.2129
Grover k-SAT,2SAT_n5,5,10,1,0.02,thermal,ideal,32,4,514,288,86400.0,25,22.3828125,1.2135205355702272,22.265625,20.3125,25.1953125,21.58203125,23.046875,0.5009166575738914,21.881895842426108,22.883729157573892,22.3828 +/- 0.5009
Grover k-SAT,2SAT_n5,5,10,1,0.05,thermal,ideal,32,4,514,288,86400.0,25,19.08984375,1.22074218687502,18.84765625,17.3828125,21.875,18.26171875,19.7265625,0.5038976087219995,18.585946141278,19.593741358722,19.0898 +/- 0.5039
Grover k-SAT,2SAT_n5,5,10,1,0.08,thermal,ideal,32,4,514,288,86400.0,25,15.77734375,0.8848001166014223,15.8203125,13.96484375,17.7734375,15.52734375,16.2109375,0.3652275375963961,15.412116212403603,16.142571287596397,15.7773 +/- 0.3652
Grover k-SAT,2SAT_n5,5,10,1,0.1,thermal,ideal,32,4,514,288,86400.0,25,14.14453125,1.3998379931491365,13.671875,12.3046875,17.48046875,12.98828125,15.33203125,0.5778247241145515,13.566706525885449,14.722355974114551,14.1445 +/- 0.5778
Grover k-SAT,2SAT_n5,5,10,1,0.0,ideal,line,32,4,2363,842,307900.0,25,99.91796875,0.08305566941518928,99.90234375,99.70703125,100.0,99.90234375,100.0,0.034283695328212314,99.88368505467179,99.95225244532821,99.9180 +/- 0.0343
Grover k-SAT,2SAT_n5,5,10,1,0.02,readout_only,line,32,4,2365,844,308550.0,25,90.42578125,0.891689445228422,90.4296875,88.76953125,92.28515625,89.84375,91.11328125,0.3680713126851656,90.05770993731484,90.79385256268516,90.4258 +/- 0.3681
Grover k-SAT,2SAT_n5,5,10,1,0.05,readout_only,line,32,4,2371,844,308500.0,25,77.49609375,1.4002353470397786,77.83203125,73.14453125,80.078125,76.66015625,78.3203125,0.5779887437392223,76.91810500626077,78.07408249373923,77.4961 +/- 0.5780
Grover k-SAT,2SAT_n5,5,10,1,0.08,readout_only,line,32,4,2365,844,308550.0,25,66.40625,1.429977860001476,66.6015625,63.671875,69.04296875,65.72265625,67.28515625,0.5902658496833924,65.81598415031661,66.99651584968339,66.4062 +/- 0.5903
Grover k-SAT,2SAT_n5,5,10,1,0.1,readout_only,line,32,4,2362,842,307950.0,25,59.3046875,1.8032326386849673,59.1796875,56.640625,62.5,57.71484375,60.64453125,0.7443378498525208,58.56034965014748,60.04902534985252,59.3047 +/- 0.7443
Grover k-SAT,2SAT_n5,5,10,1,0.02,depolarizing,line,32,4,2371,844,308500.0,25,3.0703125,0.6635836202232887,3.22265625,1.66015625,3.90625,2.44140625,3.61328125,0.27391385585975203,2.7963986441402477,3.3442263558597523,3.0703 +/- 0.2739
Grover k-SAT,2SAT_n5,5,10,1,0.05,depolarizing,line,32,4,2368,842,307900.0,25,3.1640625,0.6718674297054131,2.9296875,2.05078125,4.4921875,2.5390625,3.61328125,0.27733324435474344,2.8867292556452564,3.4413957443547436,3.1641 +/- 0.2773
Grover k-SAT,2SAT_n5,5,10,1,0.08,depolarizing,line,32,4,2365,844,308600.0,25,3.04296875,0.5390884466883561,3.125,2.24609375,3.80859375,2.63671875,3.515625,0.2225247739420764,2.8204439760579234,3.2654935239420766,3.0430 +/- 0.2225
Grover k-SAT,2SAT_n5,5,10,1,0.1,depolarizing,line,32,4,2365,844,308550.0,25,3.01171875,0.6142001061758556,3.02734375,1.953125,4.19921875,2.44140625,3.41796875,0.2535293431376252,2.7581894068623747,3.2652480931376253,3.0117 +/- 0.2535
Grover k-SAT,2SAT_n5,5,10,1,0.02,thermal,line,32,4,2362,842,307900.0,25,3.65234375,0.6353913182273155,3.7109375,2.44140625,4.58984375,3.3203125,4.1015625,0.26227664555205765,3.3900671044479425,3.9146203955520575,3.6523 +/- 0.2623
Grover k-SAT,2SAT_n5,5,10,1,0.05,thermal,line,32,4,2363,842,307850.0,25,3.5078125,0.720894530533868,3.515625,2.44140625,5.56640625,2.9296875,3.80859375,0.29757063693087143,3.2102418630691285,3.8053831369308715,3.5078 +/- 0.2976
Grover k-SAT,2SAT_n5,5,10,1,0.08,thermal,line,32,4,2369,842,307850.0,25,3.34765625,0.47131999473276737,3.22265625,2.63671875,4.296875,2.9296875,3.7109375,0.19455133183909695,3.153104918160903,3.542207581839097,3.3477 +/- 0.1946
Grover k-SAT,2SAT_n5,5,10,1,0.1,thermal,line,32,4,2371,844,308550.0,25,3.27734375,0.5589203135607144,3.3203125,2.24609375,4.4921875,2.9296875,3.61328125,0.23071096624452814,3.046632783755472,3.508054716244528,3.2773 +/- 0.2307
Grover k-SAT,2SAT_n5,5,10,1,0.0,ideal,heavy-hex,32,4,1862,0,43750.0,25,99.921875,0.08914755167727313,99.90234375,99.70703125,100.0,99.90234375,100.0,0.03679830073587673,99.88507669926412,99.95867330073588,99.9219 +/- 0.0368
Grover k-SAT,2SAT_n5,5,10,1,0.02,readout_only,heavy-hex,32,4,1848,0,43800.0,25,90.41015625,0.8550732771200323,90.13671875,89.16015625,91.9921875,89.74609375,90.8203125,0.3529569013469185,90.05719934865309,90.76311315134691,90.4102 +/- 0.3530
Grover k-SAT,2SAT_n5,5,10,1,0.05,readout_only,heavy-hex,32,4,1848,0,43800.0,25,77.56640625,1.1754367530690433,77.734375,75.390625,79.19921875,76.7578125,78.515625,0.4851964447887818,77.08120980521122,78.05160269478878,77.5664 +/- 0.4852
Grover k-SAT,2SAT_n5,5,10,1,0.08,readout_only,heavy-hex,32,4,1831,0,42900.0,25,65.7890625,2.225070029310378,65.91796875,58.88671875,69.140625,64.84375,66.9921875,0.9184637666030613,64.87059873339693,66.70752626660307,65.7891 +/- 0.9185
Grover k-SAT,2SAT_n5,5,10,1,0.1,readout_only,heavy-hex,32,4,1831,0,42900.0,25,59.109375,1.3786258862758582,59.27734375,56.54296875,62.6953125,58.203125,59.66796875,0.5690687967415797,58.54030620325842,59.67844379674158,59.1094 +/- 0.5691
Grover k-SAT,2SAT_n5,5,10,1,0.02,depolarizing,heavy-hex,32,4,1831,0,42900.0,25,6.98828125,0.9822749589865779,6.8359375,4.4921875,9.47265625,6.54296875,7.51953125,0.4054631749951242,6.582818075004876,7.393744424995124,6.9883 +/- 0.4055
Grover k-SAT,2SAT_n5,5,10,1,0.05,depolarizing,heavy-hex,32,4,1831,0,42700.0,25,3.20703125,0.5816356842329888,3.22265625,1.953125,4.296875,2.83203125,3.61328125,0.24008741041599904,2.966943839584001,3.447118660415999,3.2070 +/- 0.2401
Grover k-SAT,2SAT_n5,5,10,1,0.08,depolarizing,heavy-hex,32,4,1824,0,42900.0,25,3.03515625,0.6284238493436004,3.02734375,1.66015625,3.80859375,2.734375,3.515625,0.25940061575060014,2.7757556342494,3.2945568657506,3.0352 +/- 0.2594
Grover k-SAT,2SAT_n5,5,10,1,0.1,depolarizing,heavy-hex,32,4,1824,0,42900.0,25,3.06640625,0.40165894138193575,3.125,2.34375,3.80859375,2.63671875,3.3203125,0.16579666227664214,2.9006095877233578,3.2322029122766422,3.0664 +/- 0.1658
Grover k-SAT,2SAT_n5,5,10,1,0.02,thermal,heavy-hex,32,4,1831,0,42900.0,25,34.015625,1.4945767167243302,33.59375,32.03125,38.18359375,32.8125,35.05859375,0.6169309471780149,33.39869405282199,34.63255594717801,34.0156 +/- 0.6169
Grover k-SAT,2SAT_n5,5,10,1,0.05,thermal,heavy-hex,32,4,1824,0,42900.0,25,28.75,1.5102553007372455,28.80859375,25.87890625,32.8125,27.83203125,29.4921875,0.6234027485765389,28.126597251423462,29.373402748576538,28.7500 +/- 0.6234
Grover k-SAT,2SAT_n5,5,10,1,0.08,thermal,heavy-hex,32,4,1824,0,42900.0,25,24.328125,1.7767713134941505,24.4140625,21.38671875,27.734375,22.8515625,25.390625,0.7334151516525012,23.5947098483475,25.0615401516525,24.3281 +/- 0.7334
Grover k-SAT,2SAT_n5,5,10,1,0.1,thermal,heavy-hex,32,4,1848,0,43700.0,25,21.375,1.2721327511913392,21.38671875,18.65234375,24.21875,20.80078125,21.875,0.5251105910767403,20.84988940892326,21.90011059107674,21.3750 +/- 0.5251
Grover k-SAT,2SAT_n6,6,12,1,0.0,ideal,ideal,64,6,1496,964,289200.0,25,99.67578125,0.14842464993721352,99.70703125,99.31640625,99.90234375,99.609375,99.8046875,0.06126668430311149,99.6145145656969,99.7370479343031,99.6758 +/- 0.0613
Grover k-SAT,2SAT_n6,6,12,1,0.02,readout_only,ideal,64,6,1496,964,289200.0,25,88.03515625,1.1630663951531337,88.0859375,85.64453125,90.625,87.20703125,88.671875,0.4800902120068879,87.55506603799311,88.51524646200689,88.0352 +/- 0.4801
Grover k-SAT,2SAT_n6,6,12,1,0.05,readout_only,ideal,64,6,1496,964,289200.0,25,73.609375,1.3229568755679946,73.4375,71.19140625,76.3671875,72.36328125,74.8046875,0.5460897585161368,73.06328524148387,74.15546475851613,73.6094 +/- 0.5461
Grover k-SAT,2SAT_n6,6,12,1,0.08,readout_only,ideal,64,6,1496,964,289200.0,25,60.859375,1.3419593886604029,60.64453125,58.3984375,63.57421875,59.9609375,61.71875,0.5539336104038847,60.30544138959611,61.41330861040389,60.8594 +/- 0.5539
Grover k-SAT,2SAT_n6,6,12,1,0.1,readout_only,ideal,64,6,1496,964,289200.0,25,53.58203125,1.8037173703582725,53.80859375,48.828125,56.15234375,52.05078125,55.17578125,0.7445379372531828,52.837493312746815,54.326569187253185,53.5820 +/- 0.7445
Grover k-SAT,2SAT_n6,6,12,1,0.02,depolarizing,ideal,64,6,1496,964,289200.0,25,1.44140625,0.343281744874283,1.3671875,0.87890625,2.34375,1.26953125,1.66015625,0.14169973989583795,1.299706510104162,1.583105989895838,1.4414 +/- 0.1417
Grover k-SAT,2SAT_n6,6,12,1,0.05,depolarizing,ideal,64,6,1496,964,289200.0,25,1.53515625,0.3766629118155513,1.5625,0.87890625,2.44140625,1.26953125,1.66015625,0.15547880838294764,1.3796774416170523,1.6906350583829477,1.5352 +/- 0.1555
Grover k-SAT,2SAT_n6,6,12,1,0.08,depolarizing,ideal,64,6,1496,964,289200.0,25,1.66796875,0.33702019388158977,1.66015625,0.9765625,2.44140625,1.46484375,1.85546875,0.13911509867836194,1.528853651321638,1.807083848678362,1.6680 +/- 0.1391
Grover k-SAT,2SAT_n6,6,12,1,0.1,depolarizing,ideal,64,6,1496,964,289200.0,25,1.6953125,0.35756948511610703,1.66015625,0.9765625,2.44140625,1.46484375,1.953125,0.14759742920264105,1.547715070797359,1.842909929202641,1.6953 +/- 0.1476
Grover k-SAT,2SAT_n6,6,12,1,0.02,thermal,ideal,64,6,1496,964,289200.0,25,1.4921875,0.38809401400231247,1.46484375,0.87890625,2.44140625,1.26953125,1.66015625,0.16019733545516351,1.3319901645448364,1.6523848354551636,1.4922 +/- 0.1602
Grover k-SAT,2SAT_n6,6,12,1,0.05,thermal,ideal,64,6,1496,964,289200.0,25,1.578125,0.36286448428004486,1.5625,0.87890625,2.34375,1.3671875,1.7578125,0.1497830974342956,1.4283419025657045,1.7279080974342955,1.5781 +/- 0.1498
Grover k-SAT,2SAT_n6,6,12,1,0.08,thermal,ideal,64,6,1496,964,289200.0,25,1.421875,0.38968800381299296,1.46484375,0.5859375,2.24609375,1.07421875,1.66015625,0.16085530211066615,1.2610196978893338,1.5827303021106662,1.4219 +/- 0.1609
Grover k-SAT,2SAT_n6,6,12,1,0.1,thermal,ideal,64,6,1496,964,289200.0,25,1.515625,0.4537951895469911,1.3671875,0.68359375,2.734375,1.26953125,1.66015625,0.18731744779594997,1.32830755220405,1.70294244779595,1.5156 +/- 0.1873
Grover k-SAT,2SAT_n6,6,12,1,0.0,ideal,line,64,6,5920,2146,814250.0,25,99.66015625,0.14407744776256984,99.609375,99.31640625,99.90234375,99.609375,99.70703125,0.05947224744004083,99.60068400255996,99.71962849744004,99.6602 +/- 0.0595
Grover k-SAT,2SAT_n6,6,12,1,0.02,readout_only,line,64,6,6006,2112,803950.0,25,88.28125,0.9688005331662194,88.18359375,86.5234375,90.0390625,87.59765625,89.0625,0.39990120538124396,87.88134879461876,88.68115120538124,88.2812 +/- 0.3999
Grover k-SAT,2SAT_n6,6,12,1,0.05,readout_only,line,64,6,6089,2131,811050.0,25,73.46875,1.3595279300650476,73.6328125,71.2890625,75.48828125,72.36328125,74.8046875,0.5611855478708744,72.90756445212912,74.02993554787088,73.4688 +/- 0.5612
Grover k-SAT,2SAT_n6,6,12,1,0.08,readout_only,line,64,6,6074,2157,820300.0,25,60.29296875,1.3458032815292396,60.15625,56.54296875,62.20703125,59.47265625,61.328125,0.5555202913964935,59.73744845860351,60.84848904139649,60.2930 +/- 0.5555
Grover k-SAT,2SAT_n6,6,12,1,0.1,readout_only,line,64,6,6006,2145,816800.0,25,52.46484375,1.7314556858062544,52.83203125,46.875,55.17578125,51.26953125,53.515625,0.7147097798916372,51.750133970108365,53.179553529891635,52.4648 +/- 0.7147
Grover k-SAT,2SAT_n6,6,12,1,0.02,depolarizing,line,64,6,5944,2132,809300.0,25,1.4921875,0.29095444686925614,1.5625,0.9765625,2.05078125,1.26953125,1.66015625,0.12010009287854682,1.3720874071214533,1.6122875928785467,1.4922 +/- 0.1201
Grover k-SAT,2SAT_n6,6,12,1,0.05,depolarizing,line,64,6,5994,2153,816500.0,25,1.52734375,0.33102443860699793,1.5625,0.87890625,2.05078125,1.3671875,1.7578125,0.13664017254094118,1.3907035774590588,1.6639839225409412,1.5273 +/- 0.1366
Grover k-SAT,2SAT_n6,6,12,1,0.08,depolarizing,line,64,6,5973,2096,798450.0,25,1.51953125,0.5764201001317854,1.26953125,0.68359375,3.02734375,1.171875,1.66015625,0.23793452311109428,1.2815967268889057,1.7574657731110943,1.5195 +/- 0.2379
Grover k-SAT,2SAT_n6,6,12,1,0.1,depolarizing,line,64,6,5894,2110,804650.0,25,1.57421875,0.3143257214732633,1.66015625,0.78125,2.1484375,1.3671875,1.7578125,0.12974728088627158,1.4444714691137284,1.7039660308862716,1.5742 +/- 0.1297
Grover k-SAT,2SAT_n6,6,12,1,0.02,thermal,line,64,6,6050,2089,797500.0,25,1.4765625,0.3079399555021424,1.5625,0.87890625,2.05078125,1.26953125,1.66015625,0.1271113662457337,1.3494511337542663,1.6036738662457337,1.4766 +/- 0.1271
Grover k-SAT,2SAT_n6,6,12,1,0.05,thermal,line,64,6,6096,2124,809450.0,25,1.4453125,0.43673202685542767,1.3671875,0.5859375,2.24609375,1.171875,1.7578125,0.18027412040876145,1.2650383795912385,1.6255866204087615,1.4453 +/- 0.1803
Grover k-SAT,2SAT_n6,6,12,1,0.08,thermal,line,64,6,6150,2180,827750.0,25,1.40234375,0.36198736314161406,1.3671875,0.78125,2.05078125,1.07421875,1.5625,0.14942103962309944,1.2529227103769005,1.5517647896230995,1.4023 +/- 0.1494
Grover k-SAT,2SAT_n6,6,12,1,0.1,thermal,line,64,6,5941,2104,803050.0,25,1.51171875,0.470982638741699,1.5625,0.78125,2.734375,1.07421875,1.85546875,0.19441207813015243,1.3173066718698476,1.7061308281301524,1.5117 +/- 0.1944
Grover k-SAT,2SAT_n6,6,12,1,0.0,ideal,heavy-hex,64,6,6887,0,195700.0,25,99.578125,0.17082866879429592,99.609375,99.21875,99.90234375,99.51171875,99.70703125,0.07051460876187537,99.50761039123813,99.64863960876187,99.5781 +/- 0.0705
Grover k-SAT,2SAT_n6,6,12,1,0.02,readout_only,heavy-hex,64,6,6934,0,196200.0,25,88.16796875,0.9776523866110204,88.28125,85.44921875,89.74609375,87.59765625,89.0625,0.4035550708997373,87.76441367910026,88.57152382089974,88.1680 +/- 0.4036
Grover k-SAT,2SAT_n6,6,12,1,0.05,readout_only,heavy-hex,64,6,6817,0,193600.0,25,72.95703125,1.4855631038753296,72.94921875,68.5546875,75.09765625,72.0703125,74.12109375,0.6132103106591902,72.34382093934082,73.57024156065918,72.9570 +/- 0.6132
Grover k-SAT,2SAT_n6,6,12,1,0.08,readout_only,heavy-hex,64,6,6882,0,196100.0,25,60.171875,1.1011364701429638,60.3515625,58.49609375,62.890625,59.08203125,60.83984375,0.45452679537684376,59.71734820462316,60.62640179537684,60.1719 +/- 0.4545
Grover k-SAT,2SAT_n6,6,12,1,0.1,readout_only,heavy-hex,64,6,6779,0,193300.0,25,53.10546875,1.3773224608098977,53.125,50.9765625,56.15234375,52.44140625,53.90625,0.5685307691527027,52.5369379808473,53.6739995191527,53.1055 +/- 0.5685
Grover k-SAT,2SAT_n6,6,12,1,0.02,depolarizing,heavy-hex,64,6,6889,0,197100.0,25,1.65625,0.4242524397687532,1.5625,1.171875,2.63671875,1.26953125,2.05078125,0.1751228000411816,1.4811271999588185,1.8313728000411815,1.6562 +/- 0.1751
Grover k-SAT,2SAT_n6,6,12,1,0.05,depolarizing,heavy-hex,64,6,6853,0,194600.0,25,1.4296875,0.3874381723608862,1.3671875,0.78125,2.34375,1.171875,1.66015625,0.15992661733108443,1.2697608826689155,1.5896141173310845,1.4297 +/- 0.1599
Grover k-SAT,2SAT_n6,6,12,1,0.08,depolarizing,heavy-hex,64,6,6895,0,196100.0,25,1.59765625,0.3497039269255658,1.66015625,0.87890625,2.24609375,1.3671875,1.7578125,0.14435068635546913,1.453305563644531,1.742006936355469,1.5977 +/- 0.1444
Grover k-SAT,2SAT_n6,6,12,1,0.1,depolarizing,heavy-hex,64,6,6948,0,198200.0,25,1.453125,0.43611288428030476,1.46484375,0.5859375,2.1484375,1.07421875,1.7578125,0.18001855091471367,1.2731064490852864,1.6331435509147136,1.4531 +/- 0.1800
Grover k-SAT,2SAT_n6,6,12,1,0.02,thermal,heavy-hex,64,6,6948,0,196800.0,25,2.984375,0.4404286048351438,3.02734375,2.05078125,3.61328125,2.5390625,3.3203125,0.1817999928038178,2.8025750071961824,3.1661749928038176,2.9844 +/- 0.1818
Grover k-SAT,2SAT_n6,6,12,1,0.05,thermal,heavy-hex,64,6,6923,0,197200.0,25,2.6015625,0.5450991908343905,2.63671875,1.66015625,3.90625,2.24609375,2.9296875,0.2250058871815393,2.3765566128184608,2.8265683871815392,2.6016 +/- 0.2250
Grover k-SAT,2SAT_n6,6,12,1,0.08,thermal,heavy-hex,64,6,6908,0,195000.0,25,2.5,0.48172684202307103,2.44140625,1.66015625,3.515625,2.24609375,2.63671875,0.198847067269805,2.301152932730195,2.698847067269805,2.5000 +/- 0.1988
Grover k-SAT,2SAT_n6,6,12,1,0.1,thermal,heavy-hex,64,6,6882,0,195500.0,25,2.3984375,0.4219985592593026,2.44140625,1.5625,3.3203125,2.1484375,2.63671875,0.1741924438928743,2.224245056107126,2.572629943892874,2.3984 +/- 0.1742
Grover k-SAT,3SAT_n3,3,12,2,0.0,ideal,ideal,8,1,35,18,5400.0,25,100.0,0.0,100.0,100.0,100.0,100.0,100.0,0.0,100.0,100.0,100.0000 +/- 0.0000
Grover k-SAT,3SAT_n3,3,12,2,0.02,readout_only,ideal,8,1,35,18,5400.0,25,94.18359375,0.6521068759686152,94.23828125,93.06640625,95.5078125,93.84765625,94.53125,0.2691764886678734,93.91441726133213,94.45277023866787,94.1836 +/- 0.2692
Grover k-SAT,3SAT_n3,3,12,2,0.05,readout_only,ideal,8,1,35,18,5400.0,25,85.8984375,1.2410415065565268,85.546875,83.49609375,88.671875,85.25390625,86.42578125,0.5122767560605375,85.38616074393946,86.41071425606054,85.8984 +/- 0.5123
Grover k-SAT,3SAT_n3,3,12,2,0.08,readout_only,ideal,8,1,35,18,5400.0,25,78.31640625,1.0598740384097167,78.3203125,75.9765625,80.56640625,77.734375,78.7109375,0.43749450067613915,77.87891174932386,78.75390075067614,78.3164 +/- 0.4375
Grover k-SAT,3SAT_n3,3,12,2,0.1,readout_only,ideal,8,1,35,18,5400.0,25,73.30859375,1.184260718637172,73.14453125,71.38671875,75.29296875,72.4609375,74.4140625,0.4888387987575651,72.81975495124243,73.79743254875757,73.3086 +/- 0.4888
Grover k-SAT,3SAT_n3,3,12,2,0.02,depolarizing,ideal,8,1,35,18,5400.0,25,71.3125,1.5163681463098693,71.2890625,69.04296875,74.8046875,70.3125,72.16796875,0.6259260072134974,70.6865739927865,71.9384260072135,71.3125 +/- 0.6259
Grover k-SAT,3SAT_n3,3,12,2,0.05,depolarizing,ideal,8,1,35,18,5400.0,25,47.34765625,2.0619271764121114,47.55859375,43.75,50.5859375,45.703125,48.828125,0.8511217067157365,46.49653454328426,48.19877795671574,47.3477 +/- 0.8511
Grover k-SAT,3SAT_n3,3,12,2,0.08,depolarizing,ideal,8,1,35,18,5400.0,25,35.3046875,1.4182924403845008,35.44921875,32.8125,38.28125,34.1796875,36.1328125,0.5854423455354932,34.71924515446451,35.89012984553549,35.3047 +/- 0.5854
Grover k-SAT,3SAT_n3,3,12,2,0.1,depolarizing,ideal,8,1,35,18,5400.0,25,30.79296875,1.4849745225700983,31.15234375,27.5390625,33.3984375,29.6875,31.73828125,0.6129673562373364,30.180001393762662,31.405936106237338,30.7930 +/- 0.6130
Grover k-SAT,3SAT_n3,3,12,2,0.02,thermal,ideal,8,1,35,18,5400.0,25,87.10546875,0.6541754007262613,87.01171875,86.03515625,88.671875,86.62109375,87.5,0.270030333722273,86.83543841627773,87.37549908372227,87.1055 +/- 0.2700
Grover k-SAT,3SAT_n3,3,12,2,0.05,thermal,ideal,8,1,35,18,5400.0,25,78.77734375,1.3344527949243878,78.61328125,76.5625,82.03125,78.02734375,79.6875,0.5508350408009872,78.22650870919901,79.32817879080099,78.7773 +/- 0.5508
Grover k-SAT,3SAT_n3,3,12,2,0.08,thermal,ideal,8,1,35,18,5400.0,25,71.91015625,1.5710925035994974,72.0703125,67.28515625,75.09765625,70.8984375,72.65625,0.6485151116727137,71.26164113832729,72.55867136167271,71.9102 +/- 0.6485
Grover k-SAT,3SAT_n3,3,12,2,0.1,thermal,ideal,8,1,35,18,5400.0,25,67.55078125,1.4706698376323677,67.578125,64.74609375,71.38671875,66.69921875,68.5546875,0.6070626725038316,66.94371857749617,68.15784392250383,67.5508 +/- 0.6071
Grover k-SAT,3SAT_n3,3,12,2,0.0,ideal,line,8,1,95,27,10250.0,25,100.0,0.0,100.0,100.0,100.0,100.0,100.0,0.0,100.0,100.0,100.0000 +/- 0.0000
Grover k-SAT,3SAT_n3,3,12,2,0.02,readout_only,line,8,1,103,29,11300.0,25,94.12890625,0.5021785323982824,94.140625,93.359375,95.01953125,93.75,94.3359375,0.20728911013945706,93.92161713986054,94.33619536013946,94.1289 +/- 0.2073
Grover k-SAT,3SAT_n3,3,12,2,0.05,readout_only,line,8,1,103,29,11300.0,25,85.9453125,0.964245238623626,86.1328125,84.47265625,88.0859375,85.05859375,86.62109375,0.39802087221039384,85.5472916277896,86.3433333722104,85.9453 +/- 0.3980
Grover k-SAT,3SAT_n3,3,12,2,0.08,readout_only,line,8,1,100,27,10600.0,25,77.765625,1.4382127846731845,77.1484375,75.48828125,80.76171875,76.7578125,78.80859375,0.5936650595204032,77.1719599404796,78.3592900595204,77.7656 +/- 0.5937
Grover k-SAT,3SAT_n3,3,12,2,0.1,readout_only,line,8,1,98,29,10950.0,25,73.0703125,1.2359979318150867,73.046875,70.5078125,75.5859375,72.265625,73.828125,0.5101948707296732,72.56011762927032,73.58050737072968,73.0703 +/- 0.5102
Grover k-SAT,3SAT_n3,3,12,2,0.02,depolarizing,line,8,1,100,29,11000.0,25,56.06640625,1.998639597751235,56.34765625,52.1484375,60.05859375,54.6875,57.421875,0.8249978782023158,55.24140837179768,56.89140412820232,56.0664 +/- 0.8250
Grover k-SAT,3SAT_n3,3,12,2,0.05,depolarizing,line,8,1,103,29,11300.0,25,32.7109375,1.8185838341592158,32.51953125,29.8828125,35.83984375,31.34765625,33.69140625,0.7506745119042353,31.960262988095764,33.461612011904236,32.7109 +/- 0.7507
Grover k-SAT,3SAT_n3,3,12,2,0.08,depolarizing,line,8,1,107,29,10950.0,25,26.8515625,1.422310004571724,27.1484375,22.94921875,28.90625,26.26953125,27.83203125,0.5871007145249449,26.264461785475056,27.438663214524944,26.8516 +/- 0.5871
Grover k-SAT,3SAT_n3,3,12,2,0.1,depolarizing,line,8,1,97,27,10300.0,25,26.21875,1.0054800559047732,26.171875,24.4140625,27.9296875,25.29296875,27.05078125,0.4150417682255046,25.803708231774497,26.633791768225503,26.2188 +/- 0.4150
Grover k-SAT,3SAT_n3,3,12,2,0.02,thermal,line,8,1,98,27,10550.0,25,80.1875,1.496595970698745,80.17578125,77.5390625,83.59375,79.39453125,81.34765625,0.6177644542526862,79.56973554574732,80.80526445425268,80.1875 +/- 0.6178
Grover k-SAT,3SAT_n3,3,12,2,0.05,thermal,line,8,1,100,27,10600.0,25,72.90625,1.3608016789047168,72.55859375,70.8984375,76.46484375,72.0703125,73.33984375,0.5617113255504881,72.34453867444951,73.46796132555049,72.9062 +/- 0.5617
Grover k-SAT,3SAT_n3,3,12,2,0.08,thermal,line,8,1,100,29,11000.0,25,66.09765625,1.4825535356827304,66.015625,63.28125,68.84765625,65.33203125,67.1875,0.6119680219664247,65.48568822803358,66.70962427196642,66.0977 +/- 0.6120
Grover k-SAT,3SAT_n3,3,12,2,0.1,thermal,line,8,1,103,29,11300.0,25,61.46875,1.859977731332134,61.9140625,56.73828125,64.84375,60.546875,62.79296875,0.767761072871308,60.70098892712869,62.23651107287131,61.4688 +/- 0.7678
Grover k-SAT,3SAT_n3,3,12,2,0.0,ideal,heavy-hex,8,1,134,0,3350.0,25,100.0,0.0,100.0,100.0,100.0,100.0,100.0,0.0,100.0,100.0,100.0000 +/- 0.0000
Grover k-SAT,3SAT_n3,3,12,2,0.02,readout_only,heavy-hex,8,1,130,0,2750.0,25,93.890625,0.8043461047646094,94.04296875,91.796875,95.01953125,93.359375,94.43359375,0.33201775373495573,93.55860724626504,94.22264275373496,93.8906 +/- 0.3320
Grover k-SAT,3SAT_n3,3,12,2,0.05,readout_only,heavy-hex,8,1,141,0,3700.0,25,85.796875,0.8606687113498519,85.7421875,83.30078125,87.40234375,85.3515625,86.42578125,0.3552665830786403,85.44160841692135,86.15214158307865,85.7969 +/- 0.3553
Grover k-SAT,3SAT_n3,3,12,2,0.08,readout_only,heavy-hex,8,1,141,0,3700.0,25,77.82421875,1.932656417379126,78.125,73.92578125,80.95703125,76.07421875,79.00390625,0.7977613599899883,77.02645739001001,78.62198010998999,77.8242 +/- 0.7978
Grover k-SAT,3SAT_n3,3,12,2,0.1,readout_only,heavy-hex,8,1,134,0,3850.0,25,72.6015625,1.4821246305254347,72.65625,70.01953125,75.78125,71.19140625,73.53515625,0.6117909786189812,71.98977152138102,73.21335347861898,72.6016 +/- 0.6118
Grover k-SAT,3SAT_n3,3,12,2,0.02,depolarizing,heavy-hex,8,1,132,0,3550.0,25,75.359375,1.3233893243457564,75.390625,72.8515625,77.63671875,74.51171875,76.26953125,0.546268264598217,74.81310673540179,75.90564326459821,75.3594 +/- 0.5463
Grover k-SAT,3SAT_n3,3,12,2,0.05,depolarizing,heavy-hex,8,1,136,0,3500.0,25,52.23828125,1.5368376010534486,51.7578125,50.09765625,55.6640625,51.26953125,53.22265625,0.634375382854014,51.60390586714598,52.87265663285402,52.2383 +/- 0.6344
Grover k-SAT,3SAT_n3,3,12,2,0.08,depolarizing,heavy-hex,8,1,123,0,2700.0,25,42.6484375,1.5488396187572688,42.87109375,38.76953125,44.921875,41.89453125,43.84765625,0.6393295722691238,42.009107927730874,43.287767072269126,42.6484 +/- 0.6393
Grover k-SAT,3SAT_n3,3,12,2,0.1,depolarizing,heavy-hex,8,1,141,0,3700.0,25,33.73828125,1.17867762980246,33.7890625,32.03125,37.20703125,32.71484375,34.375,0.48653421295448435,33.25174703704552,34.22481546295448,33.7383 +/- 0.4865
Grover k-SAT,3SAT_n3,3,12,2,0.02,thermal,heavy-hex,8,1,125,0,3200.0,25,88.375,0.9840533018484854,88.28125,86.42578125,90.13671875,87.79296875,89.16015625,0.4061972388500787,87.96880276114992,88.78119723885008,88.3750 +/- 0.4062
Grover k-SAT,3SAT_n3,3,12,2,0.05,thermal,heavy-hex,8,1,125,0,3200.0,25,80.328125,1.0863864620108696,80.17578125,78.61328125,83.203125,79.6875,81.0546875,0.44843829126327756,79.87968670873673,80.77656329126327,80.3281 +/- 0.4484
Grover k-SAT,3SAT_n3,3,12,2,0.08,thermal,heavy-hex,8,1,141,0,3700.0,25,73.18359375,1.3519895610218222,73.2421875,70.703125,75.9765625,72.4609375,74.0234375,0.5580738620658076,72.62551988793419,73.74166761206581,73.1836 +/- 0.5581
Grover k-SAT,3SAT_n3,3,12,2,0.1,thermal,heavy-hex,8,1,136,0,3500.0,25,68.328125,1.402968357011212,68.45703125,64.453125,70.5078125,67.7734375,69.140625,0.5791168748090135,67.74900812519098,68.90724187480902,68.3281 +/- 0.5791
Grover k-SAT,3SAT_n4,4,8,1,0.0,ideal,ideal,16,3,158,84,25200.0,25,96.06640625,0.6686185238141177,96.09375,94.921875,97.16796875,95.80078125,96.484375,0.27599216191556153,95.79041408808443,96.34239841191557,96.0664 +/- 0.2760
Grover k-SAT,3SAT_n4,4,8,1,0.02,readout_only,ideal,16,3,158,84,25200.0,25,88.54296875,0.7902114610905946,88.671875,86.9140625,89.74609375,87.98828125,89.16015625,0.3261832595853709,88.21678549041462,88.86915200958538,88.5430 +/- 0.3262
Grover k-SAT,3SAT_n4,4,8,1,0.05,readout_only,ideal,16,3,158,84,25200.0,25,78.37890625,0.87618937719367,78.515625,76.85546875,80.2734375,77.63671875,78.80859375,0.3616731990607533,78.01723305093925,78.74057944906075,78.3789 +/- 0.3617
Grover k-SAT,3SAT_n4,4,8,1,0.08,readout_only,ideal,16,3,158,84,25200.0,25,68.6328125,1.4887908036549413,68.45703125,65.91796875,72.16796875,67.67578125,69.62890625,0.6145426396456917,68.01826986035431,69.24735513964569,68.6328 +/- 0.6145
Grover k-SAT,3SAT_n4,4,8,1,0.1,readout_only,ideal,16,3,158,84,25200.0,25,62.953125,1.4274413316454422,63.28125,58.984375,65.625,62.3046875,63.8671875,0.5892188222382828,62.36390617776172,63.54234382223828,62.9531 +/- 0.5892
Grover k-SAT,3SAT_n4,4,8,1,0.02,depolarizing,ideal,16,3,158,84,25200.0,25,24.90625,1.626907402943974,25.1953125,21.484375,27.5390625,23.73046875,25.78125,0.6715543697676093,24.23469563023239,25.57780436976761,24.9062 +/- 0.6716
Grover k-SAT,3SAT_n4,4,8,1,0.05,depolarizing,ideal,16,3,158,84,25200.0,25,8.234375,0.5998245830542442,8.203125,7.32421875,9.765625,7.8125,8.59375,0.24759541883895636,7.986779581161044,8.481970418838957,8.2344 +/- 0.2476
Grover k-SAT,3SAT_n4,4,8,1,0.08,depolarizing,ideal,16,3,158,84,25200.0,25,6.30078125,0.9489588335847565,5.95703125,4.98046875,8.69140625,5.6640625,7.03125,0.3917109543359566,5.909070295664043,6.692492204335957,6.3008 +/- 0.3917
Grover k-SAT,3SAT_n4,4,8,1,0.1,depolarizing,ideal,16,3,158,84,25200.0,25,6.29296875,0.7065077049877314,6.34765625,4.8828125,7.8125,5.76171875,6.640625,0.2916320472206585,6.001336702779342,6.584600797220658,6.2930 +/- 0.2916
Grover k-SAT,3SAT_n4,4,8,1,0.02,thermal,ideal,16,3,158,84,25200.0,25,58.3515625,1.0962321862194686,58.203125,56.0546875,60.15625,57.8125,59.08203125,0.4525024064697403,57.89906009353026,58.80406490646974,58.3516 +/- 0.4525
Grover k-SAT,3SAT_n4,4,8,1,0.05,thermal,ideal,16,3,158,84,25200.0,25,51.3125,1.3784990582975434,51.46484375,48.53515625,53.90625,50.390625,52.34375,0.5690164447251761,50.74348355527482,51.88151644472518,51.3125 +/- 0.5690
Grover k-SAT,3SAT_n4,4,8,1,0.08,thermal,ideal,16,3,158,84,25200.0,25,44.58984375,1.5520381366199694,44.53125,42.3828125,47.36328125,43.26171875,45.703125,0.6406498555523575,43.949193894447646,45.230493605552354,44.5898 +/- 0.6406
Grover k-SAT,3SAT_n4,4,8,1,0.1,thermal,ideal,16,3,158,84,25200.0,25,41.453125,1.119545606444353,41.40625,38.76953125,43.65234375,40.72265625,42.08984375,0.462125713363494,40.99099928663651,41.91525071336349,41.4531 +/- 0.4621
Grover k-SAT,3SAT_n4,4,8,1,0.0,ideal,line,16,3,605,167,64600.0,25,96.18359375,0.6085063252889543,96.19140625,94.921875,97.36328125,95.703125,96.58203125,0.251179065901085,95.93241468409892,96.43477281590108,96.1836 +/- 0.2512
Grover k-SAT,3SAT_n4,4,8,1,0.02,readout_only,line,16,3,602,179,68650.0,25,88.44921875,1.2189179655223632,88.57421875,86.1328125,90.33203125,87.6953125,89.453125,0.5031446071568317,87.94607414284317,88.95236335715683,88.4492 +/- 0.5031
Grover k-SAT,3SAT_n4,4,8,1,0.05,readout_only,line,16,3,605,167,64600.0,25,78.4609375,1.3449408407330095,78.515625,75.78125,81.54296875,77.63671875,79.19921875,0.5551642933327278,77.90577320666728,79.01610179333272,78.4609 +/- 0.5552
Grover k-SAT,3SAT_n4,4,8,1,0.08,readout_only,line,16,3,605,167,64600.0,25,69.2578125,1.2872486646937567,69.140625,66.796875,71.875,68.65234375,69.82421875,0.5313501335038069,68.7264623664962,69.7891626335038,69.2578 +/- 0.5314
Grover k-SAT,3SAT_n4,4,8,1,0.1,readout_only,line,16,3,605,167,64600.0,25,63.55859375,1.8607466737846532,64.0625,59.08203125,66.6015625,62.3046875,64.74609375,0.7680784767156539,62.79051527328435,64.32667222671566,63.5586 +/- 0.7681
Grover k-SAT,3SAT_n4,4,8,1,0.02,depolarizing,line,16,3,605,167,64600.0,25,8.6484375,1.2102678970246048,8.69140625,6.54296875,11.5234375,8.0078125,9.27734375,0.4995740343707302,8.148863465629269,9.148011534370731,8.6484 +/- 0.4996
Grover k-SAT,3SAT_n4,4,8,1,0.05,depolarizing,line,16,3,605,167,64600.0,25,6.30078125,0.6260164261065426,6.34765625,5.17578125,7.32421875,5.859375,6.8359375,0.2584068802793615,6.042374369720639,6.559188130279361,6.3008 +/- 0.2584
Grover k-SAT,3SAT_n4,4,8,1,0.08,depolarizing,line,16,3,603,177,68300.0,25,6.0078125,0.6410694596401652,6.15234375,4.4921875,7.12890625,5.6640625,6.4453125,0.26462046713099785,5.743192032869002,6.272432967130998,6.0078 +/- 0.2646
Grover k-SAT,3SAT_n4,4,8,1,0.1,depolarizing,line,16,3,605,167,64600.0,25,6.21875,0.8139908635207046,6.25,4.4921875,8.10546875,5.6640625,6.4453125,0.33599891447974656,5.882751085520254,6.554748914479746,6.2188 +/- 0.3360
Grover k-SAT,3SAT_n4,4,8,1,0.02,thermal,line,16,3,602,163,63450.0,25,33.9375,1.8333037402914627,33.88671875,29.296875,37.6953125,32.71484375,35.15625,0.756750590522964,33.18074940947704,34.69425059052296,33.9375 +/- 0.7568
Grover k-SAT,3SAT_n4,4,8,1,0.05,thermal,line,16,3,602,163,63450.0,25,29.7578125,1.495320969640329,29.6875,27.34375,32.91015625,28.7109375,30.6640625,0.6172381596825783,29.14057434031742,30.37505065968258,29.7578 +/- 0.6172
Grover k-SAT,3SAT_n4,4,8,1,0.08,thermal,line,16,3,602,165,64150.0,25,26.2265625,1.0874832093561309,26.26953125,24.31640625,28.90625,25.390625,26.7578125,0.4488910063169484,25.77767149368305,26.67545350631695,26.2266 +/- 0.4489
Grover k-SAT,3SAT_n4,4,8,1,0.1,thermal,line,16,3,605,167,64600.0,25,23.1484375,1.4950445760930369,23.4375,20.21484375,26.07421875,21.6796875,24.21875,0.6171240700336386,22.53131342996636,23.76556157003364,23.1484 +/- 0.6171
Grover k-SAT,3SAT_n4,4,8,1,0.0,ideal,heavy-hex,16,3,487,0,11750.0,25,96.2109375,0.6783419916723538,96.19140625,94.62890625,97.16796875,95.99609375,96.6796875,0.28000581218089154,95.93093168781911,96.49094331218089,96.2109 +/- 0.2800
Grover k-SAT,3SAT_n4,4,8,1,0.02,readout_only,heavy-hex,16,3,484,0,11750.0,25,88.51953125,1.0180322533115305,88.4765625,86.71875,90.33203125,87.98828125,89.2578125,0.42022306066012005,88.09930818933988,88.93975431066012,88.5195 +/- 0.4202
Grover k-SAT,3SAT_n4,4,8,1,0.05,readout_only,heavy-hex,16,3,484,0,11750.0,25,78.23828125,1.0975218630664514,78.61328125,76.07421875,80.078125,77.1484375,78.90625,0.4530347589076309,77.78524649109237,78.69131600890763,78.2383 +/- 0.4530
Grover k-SAT,3SAT_n4,4,8,1,0.08,readout_only,heavy-hex,16,3,479,0,11800.0,25,69.0078125,1.5650105969412513,69.140625,65.625,71.58203125,67.96875,70.60546875,0.6460046239919317,68.36180787600807,69.65381712399193,69.0078 +/- 0.6460
Grover k-SAT,3SAT_n4,4,8,1,0.1,readout_only,heavy-hex,16,3,484,0,11750.0,25,62.890625,1.8468825458989953,62.6953125,59.1796875,65.625,61.42578125,64.16015625,0.7623556459953665,62.12826935400464,63.65298064599536,62.8906 +/- 0.7624
Grover k-SAT,3SAT_n4,4,8,1,0.02,depolarizing,heavy-hex,16,3,479,0,11800.0,25,39.69921875,1.2394780132953986,39.6484375,36.5234375,42.1875,39.0625,40.52734375,0.511631377761986,39.18758737223801,40.21085012776199,39.6992 +/- 0.5116
Grover k-SAT,3SAT_n4,4,8,1,0.05,depolarizing,heavy-hex,16,3,484,0,11750.0,25,14.3046875,0.9943529263325571,14.453125,11.9140625,16.30859375,14.0625,14.84375,0.4104487148816755,13.894238785118324,14.715136214881676,14.3047 +/- 0.4104
Grover k-SAT,3SAT_n4,4,8,1,0.08,depolarizing,heavy-hex,16,3,487,0,11750.0,25,8.37109375,0.7886006731727507,8.30078125,6.54296875,9.86328125,7.71484375,8.88671875,0.3255183590120258,8.045575390987974,8.696612109012026,8.3711 +/- 0.3255
Grover k-SAT,3SAT_n4,4,8,1,0.1,depolarizing,heavy-hex,16,3,479,0,11800.0,25,6.87890625,0.8879382560273699,7.03125,4.78515625,8.30078125,6.4453125,7.421875,0.3665228978858764,6.5123833521141234,7.2454291478858766,6.8789 +/- 0.3665
Grover k-SAT,3SAT_n4,4,8,1,0.02,thermal,heavy-hex,16,3,487,0,11750.0,25,68.55078125,1.3076095295938943,68.75,66.015625,72.16796875,67.67578125,69.140625,0.5397546854599863,68.01102656454002,69.09053593545998,68.5508 +/- 0.5398
Grover k-SAT,3SAT_n4,4,8,1,0.05,thermal,heavy-hex,16,3,484,0,11750.0,25,59.890625,1.4281760531481429,59.86328125,57.32421875,64.0625,58.88671875,60.44921875,0.5895221003688071,59.30110289963119,60.48014710036881,59.8906 +/- 0.5895
Grover k-SAT,3SAT_n4,4,8,1,0.08,thermal,heavy-hex,16,3,484,0,11750.0,25,51.9765625,1.6730979178337129,52.1484375,48.53515625,56.0546875,50.87890625,53.02734375,0.6906208772159672,51.28594162278403,52.66718337721597,51.9766 +/- 0.6906
Grover k-SAT,3SAT_n4,4,8,1,0.1,thermal,heavy-hex,16,3,484,0,11750.0,25,47.96484375,1.2147249447869382,48.14453125,45.60546875,50.0,46.875,48.828125,0.5014138132638877,47.46342993673611,48.46625756326389,47.9648 +/- 0.5014
Grover k-SAT,3SAT_n5,5,15,1,0.0,ideal,ideal,32,4,514,288,86400.0,25,99.92578125,0.0903870011517892,99.90234375,99.609375,100.0,99.90234375,100.0,0.037309920333409595,99.88847132966659,99.96309117033341,99.9258 +/- 0.0373
Grover k-SAT,3SAT_n5,5,15,1,0.02,readout_only,ideal,32,4,514,288,86400.0,25,90.16015625,1.0200599283801806,90.13671875,87.98828125,92.67578125,89.74609375,90.625,0.4210600437916473,89.73909620620836,90.58121629379164,90.1602 +/- 0.4211
Grover k-SAT,3SAT_n5,5,15,1,0.05,readout_only,ideal,32,4,514,288,86400.0,25,77.66015625,1.403126957473579,77.734375,75.29296875,80.46875,76.66015625,78.7109375,0.579182341862244,77.08097390813775,78.23933859186225,77.6602 +/- 0.5792
Grover k-SAT,3SAT_n5,5,15,1,0.08,readout_only,ideal,32,4,514,288,86400.0,25,65.85546875,1.4058430400725084,65.8203125,63.0859375,69.140625,65.33203125,66.69921875,0.5803034856560827,65.27516526434391,66.43577223565609,65.8555 +/- 0.5803
Grover k-SAT,3SAT_n5,5,15,1,0.1,readout_only,ideal,32,4,514,288,86400.0,25,59.19140625,1.424777579098697,59.08203125,56.8359375,61.03515625,58.3984375,60.64453125,0.5881192792283307,58.60328697077167,59.77952552922833,59.1914 +/- 0.5881
Grover k-SAT,3SAT_n5,5,15,1,0.02,depolarizing,ideal,32,4,514,288,86400.0,25,3.76171875,0.41730196521916985,3.80859375,2.9296875,4.58984375,3.61328125,4.1015625,0.1722537851560782,3.5894649648439216,3.9339725351560784,3.7617 +/- 0.1723
Grover k-SAT,3SAT_n5,5,15,1,0.05,depolarizing,ideal,32,4,514,288,86400.0,25,3.16015625,0.3894840107069277,3.125,2.5390625,4.00390625,2.83203125,3.3203125,0.1607710978950281,2.999385152104972,3.320927347895028,3.1602 +/- 0.1608
Grover k-SAT,3SAT_n5,5,15,1,0.08,depolarizing,ideal,32,4,514,288,86400.0,25,2.9296875,0.42192322255259507,2.83203125,2.34375,3.80859375,2.63671875,3.22265625,0.17416134642875203,2.755526153571248,3.103848846428752,2.9297 +/- 0.1742
Grover k-SAT,3SAT_n5,5,15,1,0.1,depolarizing,ideal,32,4,514,288,86400.0,25,3.2734375,0.5083130545818525,3.3203125,2.44140625,4.58984375,2.9296875,3.41796875,0.20982131644164617,3.063616183558354,3.483258816441646,3.2734 +/- 0.2098
Grover k-SAT,3SAT_n5,5,15,1,0.02,thermal,ideal,32,4,514,288,86400.0,25,22.0078125,1.387062567412865,22.0703125,18.5546875,24.4140625,21.19140625,23.046875,0.5725512875542963,21.435261212445702,22.580363787554298,22.0078 +/- 0.5726
Grover k-SAT,3SAT_n5,5,15,1,0.05,thermal,ideal,32,4,514,288,86400.0,25,18.6640625,1.375393897770176,18.65234375,14.74609375,21.19140625,17.87109375,19.23828125,0.5677346974559646,18.096327802544035,19.231797197455965,18.6641 +/- 0.5677
Grover k-SAT,3SAT_n5,5,15,1,0.08,thermal,ideal,32,4,514,288,86400.0,25,15.83203125,1.3051274637111898,16.2109375,12.890625,18.1640625,14.74609375,16.796875,0.5387301390189503,15.29330111098105,16.370761389018952,15.8320 +/- 0.5387
Grover k-SAT,3SAT_n5,5,15,1,0.1,thermal,ideal,32,4,514,288,86400.0,25,14.14453125,1.1612063192933446,14.16015625,11.9140625,16.30859375,13.28125,15.0390625,0.47932241042858037,13.66520883957142,14.62385366042858,14.1445 +/- 0.4793
Grover k-SAT,3SAT_n5,5,15,1,0.0,ideal,line,32,4,2350,842,307350.0,25,99.90625,0.09959022487485908,99.90234375,99.70703125,100.0,99.8046875,100.0,0.04110882437428655,99.86514117562571,99.94735882437429,99.9062 +/- 0.0411
Grover k-SAT,3SAT_n5,5,15,1,0.02,readout_only,line,32,4,2349,842,307400.0,25,90.359375,1.0123331568264256,90.72265625,88.0859375,91.89453125,89.74609375,91.015625,0.4178705892524826,89.94150441074751,90.77724558925249,90.3594 +/- 0.4179
Grover k-SAT,3SAT_n5,5,15,1,0.05,readout_only,line,32,4,2350,842,307350.0,25,77.67578125,1.1950427979023845,77.9296875,74.609375,79.78515625,77.1484375,78.41796875,0.49328942233493134,77.18249182766507,78.16907067233493,77.6758 +/- 0.4933
Grover k-SAT,3SAT_n5,5,15,1,0.08,readout_only,line,32,4,2350,842,307400.0,25,65.875,1.4683876402240965,65.91796875,63.18359375,68.06640625,65.0390625,66.9921875,0.6061206277141752,65.26887937228582,66.48112062771418,65.8750 +/- 0.6061
Grover k-SAT,3SAT_n5,5,15,1,0.1,readout_only,line,32,4,2355,842,307400.0,25,59.46484375,1.6639623955121057,59.1796875,56.34765625,63.37890625,58.49609375,60.44921875,0.6868499189401102,58.77799383105989,60.15169366894011,59.4648 +/- 0.6868
Grover k-SAT,3SAT_n5,5,15,1,0.02,depolarizing,line,32,4,2358,844,308050.0,25,2.93359375,0.44438064965056046,2.9296875,2.1484375,4.19921875,2.5390625,3.125,0.1834313167258234,2.7501624332741765,3.1170250667258235,2.9336 +/- 0.1834
Grover k-SAT,3SAT_n5,5,15,1,0.05,depolarizing,line,32,4,2356,842,307300.0,25,3.23828125,0.5233804092777596,3.22265625,2.34375,4.1015625,2.9296875,3.61328125,0.21604081477853057,3.0222404352214696,3.4543220647785304,3.2383 +/- 0.2160
Grover k-SAT,3SAT_n5,5,15,1,0.08,depolarizing,line,32,4,2358,844,308050.0,25,3.1875,0.5912573172914235,3.02734375,2.34375,4.296875,2.734375,3.515625,0.24405902534196222,2.9434409746580377,3.4315590253419623,3.1875 +/- 0.2441
Grover k-SAT,3SAT_n5,5,15,1,0.1,depolarizing,line,32,4,2375,841,307200.0,25,3.05078125,0.48195775160555543,3.02734375,1.85546875,3.90625,2.734375,3.41796875,0.19894238206083614,2.851838867939164,3.249723632060836,3.0508 +/- 0.1989
Grover k-SAT,3SAT_n5,5,15,1,0.02,thermal,line,32,4,2350,842,307400.0,25,3.79296875,0.4731375605512916,3.7109375,3.125,4.98046875,3.515625,4.1015625,0.19530158613480023,3.5976671638651996,3.9882703361348004,3.7930 +/- 0.1953
Grover k-SAT,3SAT_n5,5,15,1,0.05,thermal,line,32,4,2336,842,311000.0,25,3.04296875,0.534647530407495,3.02734375,2.05078125,4.1015625,2.734375,3.515625,0.2206916537972005,2.8222770962027997,3.2636604037972003,3.0430 +/- 0.2207
Grover k-SAT,3SAT_n5,5,15,1,0.08,thermal,line,32,4,2356,842,307350.0,25,3.49609375,0.5825367893285572,3.41796875,2.24609375,4.8828125,3.125,3.80859375,0.24045936831812292,3.255634381681877,3.736553118318123,3.4961 +/- 0.2405
Grover k-SAT,3SAT_n5,5,15,1,0.1,thermal,line,32,4,2356,842,307300.0,25,3.4375,0.6341393144133515,3.22265625,2.44140625,4.8828125,2.9296875,3.90625,0.261759843777899,3.175740156222101,3.699259843777899,3.4375 +/- 0.2618
Grover k-SAT,3SAT_n5,5,15,1,0.0,ideal,heavy-hex,32,4,1822,0,42900.0,25,99.8984375,0.10350334046604587,99.90234375,99.70703125,100.0,99.8046875,100.0,0.042724079102313475,99.85571342089769,99.94116157910231,99.8984 +/- 0.0427
Grover k-SAT,3SAT_n5,5,15,1,0.02,readout_only,heavy-hex,32,4,1830,0,42700.0,25,90.16796875,0.7937236631334413,90.234375,88.0859375,91.6015625,89.74609375,90.8203125,0.3276330253342466,89.84033572466575,90.49560177533425,90.1680 +/- 0.3276
Grover k-SAT,3SAT_n5,5,15,1,0.05,readout_only,heavy-hex,32,4,1830,0,42900.0,25,77.30859375,1.269806660831454,77.34375,74.21875,79.8828125,76.7578125,78.125,0.5241504281671435,76.78444332183285,77.83274417816715,77.3086 +/- 0.5242
Grover k-SAT,3SAT_n5,5,15,1,0.08,readout_only,heavy-hex,32,4,1830,0,42900.0,25,66.00390625,1.2576820827186044,66.015625,63.96484375,68.359375,64.94140625,66.89453125,0.5191456483016522,65.48476060169835,66.52305189830165,66.0039 +/- 0.5191
Grover k-SAT,3SAT_n5,5,15,1,0.1,readout_only,heavy-hex,32,4,1822,0,42900.0,25,58.91015625,1.5163681463098693,59.27734375,56.15234375,61.62109375,57.71484375,59.86328125,0.6259260072134974,58.2842302427865,59.5360822572135,58.9102 +/- 0.6259
Grover k-SAT,3SAT_n5,5,15,1,0.02,depolarizing,heavy-hex,32,4,1853,0,43700.0,25,7.11328125,0.833746489784824,7.12890625,5.76171875,8.59375,6.54296875,7.6171875,0.34415363620586187,6.769127613794138,7.457434886205862,7.1133 +/- 0.3442
Grover k-SAT,3SAT_n5,5,15,1,0.05,depolarizing,heavy-hex,32,4,1854,0,43800.0,25,3.1015625,0.6540539038916927,2.9296875,2.24609375,4.98046875,2.734375,3.41796875,0.26998018229385123,2.8315823177061485,3.3715426822938515,3.1016 +/- 0.2700
Grover k-SAT,3SAT_n5,5,15,1,0.08,depolarizing,heavy-hex,32,4,1822,0,42900.0,25,2.99609375,0.576171875,2.9296875,1.5625,4.1015625,2.63671875,3.41796875,0.23783206081260394,2.758261689187396,3.233925810812604,2.9961 +/- 0.2378
Grover k-SAT,3SAT_n5,5,15,1,0.1,depolarizing,heavy-hex,32,4,1822,0,42900.0,25,3.265625,0.4972164236591348,3.22265625,2.34375,4.19921875,2.83203125,3.61328125,0.20524085232158337,3.0603841476784166,3.4708658523215834,3.2656 +/- 0.2052
Grover k-SAT,3SAT_n5,5,15,1,0.02,thermal,heavy-hex,32,4,1830,0,42900.0,25,34.94921875,1.24625598963424,34.9609375,32.6171875,37.6953125,34.1796875,35.546875,0.5144291888852827,34.43478956111472,35.46364793888528,34.9492 +/- 0.5144
Grover k-SAT,3SAT_n5,5,15,1,0.05,thermal,heavy-hex,32,4,1830,0,42900.0,25,29.3359375,1.3019816040989631,29.39453125,27.34375,32.03125,28.125,30.46875,0.5374315919931986,28.798505908006803,29.873369091993197,29.3359 +/- 0.5374
Grover k-SAT,3SAT_n5,5,15,1,0.08,thermal,heavy-hex,32,4,1830,0,42900.0,25,24.21484375,1.2864705238330982,24.12109375,21.484375,27.34375,23.6328125,24.8046875,0.5310289327431955,23.683814817256806,24.745872682743194,24.2148 +/- 0.5310
Grover k-SAT,3SAT_n5,5,15,1,0.1,thermal,heavy-hex,32,4,1822,0,42900.0,25,22.109375,1.1468547545542198,22.36328125,19.43359375,24.8046875,21.38671875,22.75390625,0.47339837566414217,21.635976624335857,22.582773375664143,22.1094 +/- 0.4734
Grover k-SAT,3SAT_n6,6,18,1,0.0,ideal,ideal,64,6,1496,964,289200.0,25,99.58984375,0.1912001973383908,99.609375,99.12109375,99.90234375,99.51171875,99.70703125,0.0789235624539397,99.51092018754606,99.66876731245394,99.5898 +/- 0.0789
Grover k-SAT,3SAT_n6,6,18,1,0.02,readout_only,ideal,64,6,1496,964,289200.0,25,88.17578125,0.9966680329822714,88.18359375,85.64453125,90.13671875,87.59765625,88.8671875,0.4114043439385477,87.76437690606146,88.58718559393854,88.1758 +/- 0.4114
Grover k-SAT,3SAT_n6,6,18,1,0.05,readout_only,ideal,64,6,1496,964,289200.0,25,72.859375,0.9450986005418132,72.94921875,70.80078125,74.4140625,72.4609375,73.2421875,0.39011752845098063,72.46925747154901,73.24949252845099,72.8594 +/- 0.3901
Grover k-SAT,3SAT_n6,6,18,1,0.08,readout_only,ideal,64,6,1496,964,289200.0,25,60.27734375,1.8007540642154363,60.546875,55.95703125,63.96484375,59.08203125,61.42578125,0.7433147445960102,59.53402900540399,61.02065849459601,60.2773 +/- 0.7433
Grover k-SAT,3SAT_n6,6,18,1,0.1,readout_only,ideal,64,6,1496,964,289200.0,25,52.61328125,1.7036934466828773,52.734375,49.21875,55.46875,51.66015625,53.80859375,0.703250090812775,51.91003115918723,53.31653134081277,52.6133 +/- 0.7033
Grover k-SAT,3SAT_n6,6,18,1,0.02,depolarizing,ideal,64,6,1496,964,289200.0,25,1.35546875,0.3929779395462958,1.3671875,0.68359375,1.953125,1.07421875,1.66015625,0.16221332083622864,1.1932554291637714,1.5176820708362286,1.3555 +/- 0.1622
Grover k-SAT,3SAT_n6,6,18,1,0.05,depolarizing,ideal,64,6,1496,964,289200.0,25,1.53125,0.28151436143358544,1.5625,0.9765625,2.24609375,1.3671875,1.66015625,0.11620341712808153,1.4150465828719185,1.6474534171280815,1.5312 +/- 0.1162
Grover k-SAT,3SAT_n6,6,18,1,0.08,depolarizing,ideal,64,6,1496,964,289200.0,25,1.60546875,0.4134370891004824,1.5625,0.87890625,2.63671875,1.26953125,1.85546875,0.17065844270363226,1.4348103072963678,1.7761271927036322,1.6055 +/- 0.1707
Grover k-SAT,3SAT_n6,6,18,1,0.1,depolarizing,ideal,64,6,1496,964,289200.0,25,1.75390625,0.523228541935887,1.66015625,0.78125,2.83203125,1.3671875,1.953125,0.2159781270208407,1.5379281229791593,1.9698843770208407,1.7539 +/- 0.2160
Grover k-SAT,3SAT_n6,6,18,1,0.02,thermal,ideal,64,6,1496,964,289200.0,25,1.7578125,0.4104661527642738,1.7578125,0.9765625,2.44140625,1.3671875,2.1484375,0.1694321004574344,1.5883803995425656,1.9272446004574344,1.7578 +/- 0.1694
Grover k-SAT,3SAT_n6,6,18,1,0.05,thermal,ideal,64,6,1496,964,289200.0,25,1.62890625,0.5249269464922198,1.5625,0.87890625,3.02734375,1.26953125,2.05078125,0.21667919396501628,1.4122270560349837,1.8455854439650163,1.6289 +/- 0.2167
Grover k-SAT,3SAT_n6,6,18,1,0.08,thermal,ideal,64,6,1496,964,289200.0,25,1.5859375,0.38579369052271373,1.5625,0.87890625,2.24609375,1.26953125,1.85546875,0.1592478085909989,1.426689691409001,1.745185308590999,1.5859 +/- 0.1592
Grover k-SAT,3SAT_n6,6,18,1,0.1,thermal,ideal,64,6,1496,964,289200.0,25,1.3515625,0.350611778730786,1.3671875,0.5859375,2.05078125,1.171875,1.5625,0.14472542916246217,1.2068370708375378,1.4962879291624622,1.3516 +/- 0.1447
Grover k-SAT,3SAT_n6,6,18,1,0.0,ideal,line,64,6,6009,2119,809650.0,25,99.6953125,0.16754048479762723,99.70703125,99.4140625,100.0,99.609375,99.8046875,0.06915731311765681,99.62615518688234,99.76446981311766,99.6953 +/- 0.0692
Grover k-SAT,3SAT_n6,6,18,1,0.02,readout_only,line,64,6,6038,2145,817300.0,25,88.4765625,1.0199508485607616,88.671875,86.03515625,90.625,87.79296875,89.2578125,0.42101501785516693,88.05554748214483,88.89757751785517,88.4766 +/- 0.4210
Grover k-SAT,3SAT_n6,6,18,1,0.05,readout_only,line,64,6,6017,2157,820950.0,25,73.40625,1.4982942843555642,73.53515625,70.703125,76.953125,73.046875,74.12109375,0.6184654836753867,72.7877845163246,74.0247154836754,73.4062 +/- 0.6185
Grover k-SAT,3SAT_n6,6,18,1,0.08,readout_only,line,64,6,5945,2100,800750.0,25,60.31640625,1.4137351428172316,60.3515625,57.51953125,62.98828125,59.47265625,61.328125,0.5835611855566937,59.7328450644433,60.8999674355567,60.3164 +/- 0.5836
Grover k-SAT,3SAT_n6,6,18,1,0.1,readout_only,line,64,6,5957,2118,808300.0,25,52.73046875,1.4505268236055993,52.44140625,50.09765625,55.6640625,51.7578125,53.61328125,0.5987480449684915,52.13172070503151,53.32921679496849,52.7305 +/- 0.5987
Grover k-SAT,3SAT_n6,6,18,1,0.02,depolarizing,line,64,6,6066,2123,809550.0,25,1.58984375,0.45239198523048707,1.66015625,0.87890625,2.734375,1.26953125,1.7578125,0.1867382335218494,1.4031055164781505,1.7765819835218495,1.5898 +/- 0.1867
Grover k-SAT,3SAT_n6,6,18,1,0.05,depolarizing,line,64,6,6003,2160,822650.0,25,1.65234375,0.4265316757597638,1.5625,1.07421875,2.44140625,1.26953125,1.7578125,0.17606362241787316,1.476280127582127,1.828407372417873,1.6523 +/- 0.1761
Grover k-SAT,3SAT_n6,6,18,1,0.08,depolarizing,line,64,6,6038,2120,809100.0,25,1.62109375,0.3201874279444336,1.66015625,1.07421875,2.44140625,1.3671875,1.85546875,0.1321668743971784,1.4889268756028216,1.7532606243971784,1.6211 +/- 0.1322
Grover k-SAT,3SAT_n6,6,18,1,0.1,depolarizing,line,64,6,6128,2170,825800.0,25,1.6015625,0.3577028153619126,1.5625,0.68359375,2.24609375,1.3671875,1.85546875,0.14765246522314895,1.453910034776851,1.749214965223149,1.6016 +/- 0.1477
Grover k-SAT,3SAT_n6,6,18,1,0.02,thermal,line,64,6,6089,2140,814550.0,25,1.41796875,0.3264797075322424,1.3671875,0.78125,2.05078125,1.171875,1.66015625,0.1347641997553064,1.2832045502446936,1.5527329497553064,1.4180 +/- 0.1348
Grover k-SAT,3SAT_n6,6,18,1,0.05,thermal,line,64,6,5873,2103,800600.0,25,1.59765625,0.46226250676727004,1.66015625,0.87890625,2.734375,1.26953125,1.7578125,0.19081258456230635,1.4068436654376937,1.7884688345623063,1.5977 +/- 0.1908
Grover k-SAT,3SAT_n6,6,18,1,0.08,thermal,line,64,6,6044,2123,807350.0,25,1.55078125,0.45045544217754746,1.3671875,0.87890625,2.734375,1.171875,1.85546875,0.18593886783755084,1.3648423821624491,1.7367201178375509,1.5508 +/- 0.1859
Grover k-SAT,3SAT_n6,6,18,1,0.1,thermal,line,64,6,6018,2119,808250.0,25,1.3828125,0.37471675772359075,1.46484375,0.68359375,2.1484375,1.171875,1.5625,0.15467547545672689,1.228137024543273,1.537487975456727,1.3828 +/- 0.1547
Grover k-SAT,3SAT_n6,6,18,1,0.0,ideal,heavy-hex,64,6,6950,0,199050.0,25,99.6640625,0.18503218087398846,99.70703125,99.31640625,100.0,99.51171875,99.8046875,0.07637753039214411,99.58768496960785,99.74044003039215,99.6641 +/- 0.0764
Grover k-SAT,3SAT_n6,6,18,1,0.02,readout_only,heavy-hex,64,6,6837,0,192500.0,25,88.41015625,0.9323146256047561,88.37890625,86.23046875,90.234375,87.79296875,89.16015625,0.38484056295408453,88.02531568704592,88.79499681295408,88.4102 +/- 0.3848
Grover k-SAT,3SAT_n6,6,18,1,0.05,readout_only,heavy-hex,64,6,6858,0,196400.0,25,72.90234375,1.3300982010232305,72.94921875,69.921875,75.1953125,72.265625,73.828125,0.5490375527831726,72.35330619721682,73.45138130278318,72.9023 +/- 0.5490
Grover k-SAT,3SAT_n6,6,18,1,0.08,readout_only,heavy-hex,64,6,6959,0,196700.0,25,60.3046875,1.4266728091479066,60.25390625,57.51953125,63.4765625,59.27734375,61.23046875,0.5889015917428344,59.71578590825717,60.89358909174283,60.3047 +/- 0.5889
Grover k-SAT,3SAT_n6,6,18,1,0.1,readout_only,heavy-hex,64,6,6902,0,195600.0,25,53.65234375,1.4962454537152894,54.00390625,50.68359375,57.03125,52.63671875,54.58984375,0.6176197679530901,53.03472398204691,54.26996351795309,53.6523 +/- 0.6176
Grover k-SAT,3SAT_n6,6,18,1,0.02,depolarizing,heavy-hex,64,6,6897,0,196200.0,25,1.59765625,0.4311277354422679,1.66015625,0.5859375,2.34375,1.3671875,1.85546875,0.1779607826114485,1.4196954673885516,1.7756170326114484,1.5977 +/- 0.1780
Grover k-SAT,3SAT_n6,6,18,1,0.05,depolarizing,heavy-hex,64,6,6992,0,198900.0,25,1.4765625,0.4495724377565473,1.3671875,0.5859375,2.34375,1.171875,1.85546875,0.18557438152666814,1.2909881184733318,1.6621368815266682,1.4766 +/- 0.1856
Grover k-SAT,3SAT_n6,6,18,1,0.08,depolarizing,heavy-hex,64,6,6916,0,196250.0,25,1.59375,0.356278053651459,1.46484375,1.07421875,2.34375,1.3671875,1.7578125,0.14706435249417538,1.4466856475058245,1.7408143524941755,1.5938 +/- 0.1471
Grover k-SAT,3SAT_n6,6,18,1,0.1,depolarizing,heavy-hex,64,6,6967,0,197600.0,25,1.5859375,0.42593502335960703,1.66015625,0.87890625,2.34375,1.26953125,1.953125,0.17581733641177805,1.410120163588222,1.761754836411778,1.5859 +/- 0.1758
Grover k-SAT,3SAT_n6,6,18,1,0.02,thermal,heavy-hex,64,6,6834,0,194150.0,25,2.90625,0.6132936901604524,3.02734375,1.7578125,4.1015625,2.5390625,3.22265625,0.25315519299553974,2.6530948070044604,3.1594051929955396,2.9062 +/- 0.2532
Grover k-SAT,3SAT_n6,6,18,1,0.05,thermal,heavy-hex,64,6,7013,0,201300.0,25,2.76953125,0.4970565624121456,2.83203125,1.953125,3.61328125,2.24609375,3.125,0.20517486484203912,2.5643563851579607,2.9747061148420393,2.7695 +/- 0.2052
Grover k-SAT,3SAT_n6,6,18,1,0.08,thermal,heavy-hex,64,6,6907,0,197850.0,25,2.16015625,0.4287617276054904,2.24609375,1.3671875,2.9296875,1.85546875,2.44140625,0.17698414257722336,1.9831721074227766,2.3371403925772234,2.1602 +/- 0.1770
Grover k-SAT,3SAT_n6,6,18,1,0.1,thermal,heavy-hex,64,6,6951,0,196350.0,25,2.40234375,0.5926803859385783,2.24609375,1.171875,3.41796875,2.05078125,2.9296875,0.24464643920875437,2.157697310791246,2.646990189208754,2.4023 +/- 0.2446
Grover k-SAT,4SAT_n4,4,16,2,0.0,ideal,ideal,16,2,158,84,25200.0,12,94.2626953125,0.8391673164517836,94.482421875,92.67578125,95.99609375,93.75,94.5556640625,0.5331814754699565,93.72951383703004,94.79587678796996,94.2627 +/- 0.5332
Grover k-SAT,4SAT_n4,4,16,2,0.02,readout_only,ideal,16,2,158,84,25200.0,12,86.8896484375,1.056826698664171,86.62109375,85.7421875,89.0625,86.0107421875,87.6953125,0.6714756490902754,86.21817278840973,87.56112408659027,86.8896 +/- 0.6715
Grover k-SAT,4SAT_n4,4,16,2,0.05,readout_only,ideal,16,2,158,84,25200.0,12,77.33561197916667,1.0330421141799828,77.5390625,74.4140625,78.7109375,77.2216796875,77.783203125,0.6563636450833272,76.67924833408334,77.99197562425,77.3356 +/- 0.6564
Grover k-SAT,4SAT_n4,4,16,2,0.08,readout_only,ideal,16,2,158,84,25200.0,12,68.41634114583333,1.9052451261841417,68.359375,66.30859375,72.265625,66.50390625,69.189453125,1.2105350001070636,67.20580614572627,69.62687614594039,68.4163 +/- 1.2105
Grover k-SAT,4SAT_n4,4,16,2,0.1,readout_only,ideal,16,2,158,84,25200.0,12,62.6953125,1.4839544111080902,63.18359375,60.3515625,65.13671875,61.7431640625,63.5498046875,0.9428596501949481,61.75245284980505,63.63817215019495,62.6953 +/- 0.9429
Grover k-SAT,4SAT_n4,4,16,2,0.02,depolarizing,ideal,16,2,158,84,25200.0,12,28.548177083333332,1.1735999772768826,28.90625,26.3671875,30.17578125,27.8564453125,29.3701171875,0.7456698506107147,27.80250723272262,29.293846933944046,28.5482 +/- 0.7457
Grover k-SAT,4SAT_n4,4,16,2,0.05,depolarizing,ideal,16,2,158,84,25200.0,12,13.8671875,1.109552542611363,14.2578125,11.81640625,15.0390625,13.0126953125,14.794921875,0.7049760520731145,13.162211447926886,14.572163552073114,13.8672 +/- 0.7050
Grover k-SAT,4SAT_n4,4,16,2,0.08,depolarizing,ideal,16,2,158,84,25200.0,12,12.581380208333334,0.5886439231779012,12.548828125,11.42578125,13.4765625,12.255859375,12.98828125,0.3740065054171475,12.207373702916186,12.955386713750482,12.5814 +/- 0.3740
Grover k-SAT,4SAT_n4,4,16,2,0.1,depolarizing,ideal,16,2,158,84,25200.0,12,12.605794270833334,1.0229215854789488,12.5,11.23046875,14.453125,11.81640625,13.3056640625,0.6499333679269558,11.955860902906378,13.25572763876029,12.6058 +/- 0.6499
Grover k-SAT,4SAT_n4,4,16,2,0.02,thermal,ideal,16,2,158,84,25200.0,12,62.027994791666664,1.6387814599401038,62.109375,58.984375,64.0625,61.23046875,63.3056640625,1.041232063801282,60.98676272786538,63.069226855467946,62.0280 +/- 1.0412
Grover k-SAT,4SAT_n4,4,16,2,0.05,thermal,ideal,16,2,158,84,25200.0,12,54.280598958333336,1.1333889027944068,54.150390625,52.734375,56.73828125,53.5400390625,54.58984375,0.7201209527896558,53.56047800554368,55.00071991112299,54.2806 +/- 0.7201
Grover k-SAT,4SAT_n4,4,16,2,0.08,thermal,ideal,16,2,158,84,25200.0,12,48.404947916666664,2.1172735466971577,48.73046875,45.21484375,52.34375,47.119140625,49.70703125,1.3452514313530963,47.059696485313566,49.75019934801976,48.4049 +/- 1.3453
Grover k-SAT,4SAT_n4,4,16,2,0.1,thermal,ideal,16,2,158,84,25200.0,12,44.034830729166664,2.2441468577662214,44.23828125,39.2578125,47.265625,42.96875,45.947265625,1.425862887337332,42.60896784182933,45.460693616503995,44.0348 +/- 1.4259
Grover k-SAT,4SAT_n4,4,16,2,0.0,ideal,line,16,2,606,165,64250.0,12,94.80794270833333,0.6555390353113978,95.01953125,93.359375,95.60546875,94.677734375,95.0439453125,0.4165096318971875,94.39143307643614,95.22445234023051,94.8079 +/- 0.4165
Grover k-SAT,4SAT_n4,4,16,2,0.02,readout_only,line,16,2,609,167,64700.0,12,86.02701822916667,1.2432807893533664,85.9375,84.1796875,88.4765625,85.25390625,86.767578125,0.7899429263925204,85.23707530277414,86.8169611555592,86.0270 +/- 0.7899
Grover k-SAT,4SAT_n4,4,16,2,0.05,readout_only,line,16,2,606,163,63550.0,12,77.67740885416667,1.1580762632371953,77.734375,75.9765625,79.8828125,76.9775390625,78.5400390625,0.7358065532751472,76.94160230089152,78.41321540744183,77.6774 +/- 0.7358
Grover k-SAT,4SAT_n4,4,16,2,0.08,readout_only,line,16,2,626,175,67650.0,12,68.22102864583333,1.7766794137520743,67.48046875,65.91796875,71.58203125,67.0166015625,69.482421875,1.1288482435979827,67.09218040223534,69.34987688943131,68.2210 +/- 1.1288
Grover k-SAT,4SAT_n4,4,16,2,0.1,readout_only,line,16,2,606,165,64250.0,12,63.28125,0.9959022487485908,63.0859375,61.9140625,64.94140625,62.451171875,63.916015625,0.6327661003967747,62.64848389960323,63.91401610039677,63.2812 +/- 0.6328
Grover k-SAT,4SAT_n4,4,16,2,0.02,depolarizing,line,16,2,606,163,63550.0,12,14.689127604166666,1.1949218788696048,15.33203125,12.40234375,15.8203125,13.8671875,15.5517578125,0.7592171405589238,13.929910463607742,15.44834474472559,14.6891 +/- 0.7592
Grover k-SAT,4SAT_n4,4,16,2,0.05,depolarizing,line,16,2,606,165,64250.0,12,12.4755859375,1.1903178534961742,12.6953125,10.05859375,14.2578125,11.572265625,13.330078125,0.7562918823969564,11.719294055103044,13.231877819896956,12.4756 +/- 0.7563
Grover k-SAT,4SAT_n4,4,16,2,0.08,depolarizing,line,16,2,626,175,67650.0,12,12.8173828125,0.9124222319683427,12.79296875,11.42578125,14.35546875,12.060546875,13.525390625,0.5797254282369614,12.237657384263038,13.397108240736962,12.8174 +/- 0.5797
Grover k-SAT,4SAT_n4,4,16,2,0.1,depolarizing,line,16,2,606,165,64250.0,12,12.0849609375,1.2183926998925494,11.81640625,10.64453125,15.234375,11.572265625,12.109375,0.7741297887736065,11.310831148726393,12.859090726273607,12.0850 +/- 0.7741
Grover k-SAT,4SAT_n4,4,16,2,0.02,thermal,line,16,2,606,163,63550.0,12,37.434895833333336,1.88229768675355,37.59765625,33.49609375,40.234375,35.83984375,38.7451171875,1.1959548926910675,36.238940940642266,38.630850726024406,37.4349 +/- 1.1960
Grover k-SAT,4SAT_n4,4,16,2,0.05,thermal,line,16,2,609,167,64700.0,12,33.6181640625,1.2760873384152325,33.69140625,31.34765625,35.546875,32.861328125,34.4970703125,0.8107872132122732,32.80737684928773,34.42895127571227,33.6182 +/- 0.8108
Grover k-SAT,4SAT_n4,4,16,2,0.08,thermal,line,16,2,606,165,64250.0,12,29.622395833333332,1.4018370362602997,29.78515625,26.46484375,31.15234375,29.3701171875,30.46875,0.8906847594137005,28.73171107391963,30.513080592747034,29.6224 +/- 0.8907
Grover k-SAT,4SAT_n4,4,16,2,0.1,thermal,line,16,2,609,167,64700.0,12,27.937825520833332,1.3243192656916036,28.3203125,25.87890625,29.58984375,26.7578125,29.0771484375,0.8414323177650943,27.09639320306824,28.779257838598426,27.9378 +/- 0.8414
Grover k-SAT,4SAT_n4,4,16,2,0.0,ideal,heavy-hex,16,2,481,0,11500.0,12,94.66959635416667,0.44743642944114337,94.53125,93.9453125,95.3125,94.384765625,95.0439453125,0.28428754427323466,94.38530880989343,94.95388389843991,94.6696 +/- 0.2843
Grover k-SAT,4SAT_n4,4,16,2,0.02,readout_only,heavy-hex,16,2,484,0,11500.0,12,87.87434895833333,0.7698850805525063,87.939453125,86.23046875,88.8671875,87.451171875,88.4521484375,0.4891616429092389,87.38518731542409,88.36351060124257,87.8743 +/- 0.4892
Grover k-SAT,4SAT_n4,4,16,2,0.05,readout_only,heavy-hex,16,2,501,0,13250.0,12,77.4169921875,0.8256272718773582,77.587890625,76.07421875,78.515625,76.806640625,77.978515625,0.5245785415822949,76.8924136459177,77.9415707290823,77.4170 +/- 0.5246
Grover k-SAT,4SAT_n4,4,16,2,0.08,readout_only,heavy-hex,16,2,481,0,11500.0,12,67.42350260416667,1.4964385861764784,67.08984375,65.625,70.1171875,66.259765625,68.3349609375,0.9507917166046995,66.47271088756197,68.37429432077137,67.4235 +/- 0.9508
Grover k-SAT,4SAT_n4,4,16,2,0.1,readout_only,heavy-hex,16,2,481,0,11500.0,12,62.443033854166664,1.5677393145290501,62.255859375,59.375,65.0390625,61.376953125,63.623046875,0.9960940380843412,61.44693981608232,63.43912789225101,62.4430 +/- 0.9961
Grover k-SAT,4SAT_n4,4,16,2,0.02,depolarizing,heavy-hex,16,2,501,0,13250.0,12,41.048177083333336,1.891945454000051,40.771484375,38.0859375,45.60546875,39.94140625,41.748046875,1.2020847915498913,39.84609229178344,42.25026187488323,41.0482 +/- 1.2021
Grover k-SAT,4SAT_n4,4,16,2,0.05,depolarizing,heavy-hex,16,2,484,0,11500.0,12,20.060221354166668,1.2172061653559467,20.01953125,18.26171875,22.4609375,19.287109375,20.6298828125,0.7733759006960812,19.286845453470587,20.83359725486275,20.0602 +/- 0.7734
Grover k-SAT,4SAT_n4,4,16,2,0.08,depolarizing,heavy-hex,16,2,501,0,13250.0,12,13.9404296875,1.1800767967026318,13.525390625,12.3046875,16.40625,13.1591796875,14.74609375,0.7497850253441336,13.190644662155867,14.690214712844133,13.9404 +/- 0.7498
Grover k-SAT,4SAT_n4,4,16,2,0.1,depolarizing,heavy-hex,16,2,481,0,11500.0,12,13.264973958333334,0.6103367659191302,13.134765625,12.40234375,14.453125,12.79296875,13.57421875,0.3877894801269005,12.877184478206434,13.652763438460234,13.2650 +/- 0.3878
Grover k-SAT,4SAT_n4,4,16,2,0.02,thermal,heavy-hex,16,2,501,0,13250.0,12,68.53841145833333,0.8723052834904478,68.701171875,67.1875,69.921875,68.06640625,69.091796875,0.5542363352260025,67.98417512310732,69.09264779355934,68.5384 +/- 0.5542
Grover k-SAT,4SAT_n4,4,16,2,0.05,thermal,heavy-hex,16,2,501,0,13250.0,12,60.343424479166664,1.8878741391711646,60.3515625,56.54296875,64.16015625,59.3017578125,61.0595703125,1.1994980015200474,59.143926477646616,61.54292248068671,60.3434 +/- 1.1995
Grover k-SAT,4SAT_n4,4,16,2,0.08,thermal,heavy-hex,16,2,501,0,13250.0,12,53.02734375,1.2387690150963513,52.783203125,51.3671875,55.17578125,52.3193359375,53.7109375,0.7870762817935456,52.240267468206454,53.814420031793546,53.0273 +/- 0.7871
Grover k-SAT,4SAT_n4,4,16,2,0.1,thermal,heavy-hex,16,2,477,0,11550.0,12,48.103841145833336,1.5831478928993359,48.33984375,45.1171875,50.48828125,46.8994140625,49.267578125,1.0058841817056405,47.0979569641277,49.109725327538975,48.1038 +/- 1.0059
Grover k-SAT,4SAT_n5,5,20,3,0.0,ideal,ideal,32,2,514,288,86400.0,12,99.9755859375,0.04416670086588334,100.0,99.90234375,100.0,99.9755859375,100.0,0.028062182919471393,99.94752375458053,100.00364812041947,99.9756 +/- 0.0281
Grover k-SAT,4SAT_n5,5,20,3,0.02,readout_only,ideal,32,2,514,288,86400.0,12,90.90169270833333,0.7246370529151978,90.966796875,89.0625,91.9921875,90.6005859375,91.3330078125,0.4604124177371076,90.44128029059623,91.36210512607043,90.9017 +/- 0.4604
Grover k-SAT,4SAT_n5,5,20,3,0.05,readout_only,ideal,32,2,514,288,86400.0,12,77.6123046875,1.1675204666182426,77.490234375,75.48828125,79.4921875,76.904296875,78.2958984375,0.7418071138244265,76.87049757367558,78.35411180132442,77.6123 +/- 0.7418
Grover k-SAT,4SAT_n5,5,20,3,0.08,readout_only,ideal,32,2,514,288,86400.0,12,65.8935546875,1.5089391738635198,66.50390625,62.3046875,67.578125,65.234375,66.69921875,0.958734211094833,64.93482047640516,66.85228889859484,65.8936 +/- 0.9587
Grover k-SAT,4SAT_n5,5,20,3,0.1,readout_only,ideal,32,2,514,288,86400.0,12,59.513346354166664,1.2640275789126734,59.1796875,57.6171875,61.5234375,58.6669921875,60.25390625,0.8031248075878799,58.710221546578786,60.31647116175454,59.5133 +/- 0.8031
Grover k-SAT,4SAT_n5,5,20,3,0.02,depolarizing,ideal,32,2,514,288,86400.0,12,10.139973958333334,0.9992337614670727,10.009765625,8.3984375,12.01171875,9.5703125,10.7421875,0.6348828425910462,9.505091115742287,10.77485680092438,10.1400 +/- 0.6349
Grover k-SAT,4SAT_n5,5,20,3,0.05,depolarizing,ideal,32,2,514,288,86400.0,12,9.440104166666666,0.8658208886015232,9.66796875,8.0078125,10.7421875,8.69140625,10.009765625,0.5501163472729144,8.889987819393752,9.99022051393958,9.4401 +/- 0.5501
Grover k-SAT,4SAT_n5,5,20,3,0.08,depolarizing,ideal,32,2,514,288,86400.0,12,9.220377604166666,0.7971333874156825,9.130859375,7.71484375,10.44921875,8.740234375,9.814453125,0.5064743911211161,8.71390321304555,9.726851995287783,9.2204 +/- 0.5065
Grover k-SAT,4SAT_n5,5,20,3,0.1,depolarizing,ideal,32,2,514,288,86400.0,12,9.171549479166666,1.1876442074862734,9.130859375,7.421875,10.9375,8.251953125,10.302734375,0.7545931287676195,8.416956350399047,9.926142607934285,9.1715 +/- 0.7546
Grover k-SAT,4SAT_n5,5,20,3,0.02,thermal,ideal,32,2,514,288,86400.0,12,27.5390625,0.9292517122251083,27.685546875,25.9765625,29.4921875,27.1484375,27.9541015625,0.5904183698455975,26.948644130154403,28.129480869845597,27.5391 +/- 0.5904
Grover k-SAT,4SAT_n5,5,20,3,0.05,thermal,ideal,32,2,514,288,86400.0,12,24.2431640625,1.3003158132375832,23.974609375,22.4609375,26.26953125,23.14453125,25.244140625,0.8261812516845878,23.416982810815412,25.069345314184588,24.2432 +/- 0.8262
Grover k-SAT,4SAT_n5,5,20,3,0.08,thermal,ideal,32,2,514,288,86400.0,12,20.947265625,1.2831167759707995,21.044921875,17.96875,22.65625,20.3125,21.923828125,0.8152535047540466,20.132012120245953,21.762519129754047,20.9473 +/- 0.8153
Grover k-SAT,4SAT_n5,5,20,3,0.1,thermal,ideal,32,2,514,288,86400.0,12,19.832356770833332,1.2292550813903491,20.068359375,17.28515625,22.0703125,19.2626953125,20.4345703125,0.7810314167095024,19.05132535412383,20.613388187542835,19.8324 +/- 0.7810
Grover k-SAT,4SAT_n5,5,20,3,0.0,ideal,line,32,2,2365,842,307650.0,12,99.9755859375,0.04416670086588334,100.0,99.90234375,100.0,99.9755859375,100.0,0.028062182919471393,99.94752375458053,100.00364812041947,99.9756 +/- 0.0281
Grover k-SAT,4SAT_n5,5,20,3,0.02,readout_only,line,32,2,2366,842,307600.0,12,90.55989583333333,0.593776477180782,90.478515625,89.6484375,91.50390625,90.087890625,91.0400390625,0.3772675746491526,90.18262825868418,90.93716340798248,90.5599 +/- 0.3773
Grover k-SAT,4SAT_n5,5,20,3,0.05,readout_only,line,32,2,2382,839,306700.0,12,77.3681640625,1.3761154568403282,77.587890625,74.70703125,79.1015625,76.7578125,78.3447265625,0.8743420475400475,76.49382201495995,78.24250611004005,77.3682 +/- 0.8743
Grover k-SAT,4SAT_n5,5,20,3,0.08,readout_only,line,32,2,2362,844,308350.0,12,66.00748697916667,1.240488334473526,65.72265625,64.74609375,69.04296875,65.3076171875,66.3330078125,0.7881686852086384,65.21931829395804,66.7956556643753,66.0075 +/- 0.7882
Grover k-SAT,4SAT_n5,5,20,3,0.1,readout_only,line,32,2,2360,842,307650.0,12,59.602864583333336,1.5176521242464098,60.05859375,55.859375,61.328125,58.8623046875,60.6201171875,0.9642701556553154,58.63859442767802,60.56713473898865,59.6029 +/- 0.9643
Grover k-SAT,4SAT_n5,5,20,3,0.02,depolarizing,line,32,2,2359,842,307700.0,12,9.366861979166666,0.875900729721764,9.521484375,7.91015625,10.7421875,8.642578125,9.912109375,0.5565207727737991,8.810341206392867,9.923382751940466,9.3669 +/- 0.5565
Grover k-SAT,4SAT_n5,5,20,3,0.05,depolarizing,line,32,2,2362,844,308400.0,12,9.228515625,0.9137278124152224,9.228515625,7.8125,10.83984375,8.4716796875,9.8876953125,0.580554954477277,8.647960670522723,9.809070579477277,9.2285 +/- 0.5806
Grover k-SAT,4SAT_n5,5,20,3,0.08,depolarizing,line,32,2,2360,842,307700.0,12,9.578450520833334,0.7694626727586468,9.521484375,8.30078125,10.7421875,9.326171875,9.86328125,0.4888932578013295,9.089557263032004,10.067343778634664,9.5785 +/- 0.4889
Grover k-SAT,4SAT_n5,5,20,3,0.1,depolarizing,line,32,2,2360,842,307700.0,12,9.5458984375,0.8636067764105673,9.521484375,7.71484375,10.7421875,9.2041015625,10.0830078125,0.5487095675024374,8.997188869997563,10.094608005002437,9.5459 +/- 0.5487
Grover k-SAT,4SAT_n5,5,20,3,0.02,thermal,line,32,2,2362,844,308350.0,12,9.2529296875,1.0192422540271542,8.935546875,7.91015625,11.23046875,8.5693359375,9.86328125,0.6475956322528524,8.605334055247148,9.900525319752852,9.2529 +/- 0.6476
Grover k-SAT,4SAT_n5,5,20,3,0.05,thermal,line,32,2,2359,842,307750.0,12,8.88671875,1.0713902586324993,8.69140625,7.12890625,10.64453125,8.2763671875,9.765625,0.6807288936337366,8.205989856366264,9.567447643633736,8.8867 +/- 0.6807
Grover k-SAT,4SAT_n5,5,20,3,0.08,thermal,line,32,2,2359,842,307750.0,12,9.049479166666666,0.9360685884193417,9.033203125,7.2265625,10.7421875,8.5693359375,9.6435546875,0.5947496063416822,8.454729560324983,9.644228773008349,9.0495 +/- 0.5947
Grover k-SAT,4SAT_n5,5,20,3,0.1,thermal,line,32,2,2360,842,307650.0,12,8.723958333333334,0.9786318038187546,8.935546875,6.8359375,10.44921875,8.3984375,9.130859375,0.6217929832016871,8.102165350131648,9.34575131653502,8.7240 +/- 0.6218
Grover k-SAT,4SAT_n5,5,20,3,0.0,ideal,heavy-hex,32,2,1830,0,42200.0,12,99.9755859375,0.06070132426836534,100.0,99.8046875,100.0,100.0,100.0,0.038567781420794776,99.9370181560792,100.0141537189208,99.9756 +/- 0.0386
Grover k-SAT,4SAT_n5,5,20,3,0.02,readout_only,heavy-hex,32,2,1823,0,42400.0,12,90.1611328125,0.5334651682932428,90.13671875,89.453125,91.30859375,89.8193359375,90.2587890625,0.3389475971789264,89.82218521532107,90.50008040967893,90.1611 +/- 0.3389
Grover k-SAT,4SAT_n5,5,20,3,0.05,readout_only,heavy-hex,32,2,1823,0,42400.0,12,77.43326822916667,1.2446746674453706,77.5390625,75.48828125,79.1015625,76.66015625,78.5400390625,0.7908285542800106,76.64243967488666,78.22409678344668,77.4333 +/- 0.7908
Grover k-SAT,4SAT_n5,5,20,3,0.08,readout_only,heavy-hex,32,2,1830,0,42200.0,12,65.81217447916667,1.358573164212167,65.966796875,63.18359375,67.48046875,65.576171875,66.8212890625,0.8631962065578743,64.9489782726088,66.67537068572454,65.8122 +/- 0.8632
Grover k-SAT,4SAT_n5,5,20,3,0.1,readout_only,heavy-hex,32,2,1823,0,42400.0,12,59.66796875,1.5146023304097582,59.86328125,56.640625,62.20703125,59.0087890625,60.546875,0.9623324090989068,58.705636340901094,60.630301159098906,59.6680 +/- 0.9623
Grover k-SAT,4SAT_n5,5,20,3,0.02,depolarizing,heavy-hex,32,2,1847,0,43200.0,12,12.7197265625,1.4035625015892115,12.5,10.25390625,14.84375,11.767578125,13.818359375,0.8917810677802267,11.827945494719774,13.611507630280226,12.7197 +/- 0.8918
Grover k-SAT,4SAT_n5,5,20,3,0.05,depolarizing,heavy-hex,32,2,1831,0,42400.0,12,9.488932291666666,0.84606957263506,9.619140625,7.71484375,10.9375,9.1064453125,9.8876953125,0.5375669598229835,8.951365331843682,10.02649925148965,9.4889 +/- 0.5376
Grover k-SAT,4SAT_n5,5,20,3,0.08,depolarizing,heavy-hex,32,2,1855,0,43350.0,12,9.391276041666666,0.5767408793156735,9.375,8.69140625,10.7421875,8.984375,9.5947265625,0.36644367216015084,9.024832369506516,9.757719713826816,9.3913 +/- 0.3664
Grover k-SAT,4SAT_n5,5,20,3,0.1,depolarizing,heavy-hex,32,2,1831,0,42400.0,12,9.4970703125,0.9009477730475893,9.66796875,7.8125,10.64453125,9.0576171875,10.1318359375,0.5724349048602227,8.924635407639776,10.069505217360224,9.4971 +/- 0.5724
Grover k-SAT,4SAT_n5,5,20,3,0.02,thermal,heavy-hex,32,2,1823,0,42400.0,12,37.6220703125,1.657869937213223,37.6953125,35.44921875,41.69921875,36.71875,38.18359375,1.0533603036378738,36.568710008862126,38.675430616137874,37.6221 +/- 1.0534
Grover k-SAT,4SAT_n5,5,20,3,0.05,thermal,heavy-hex,32,2,1831,0,42400.0,12,31.5185546875,1.1510677944049295,31.15234375,30.078125,33.88671875,30.9326171875,31.8603515625,0.7313535846245415,30.787201102875457,32.24990827212454,31.5186 +/- 0.7314
Grover k-SAT,4SAT_n5,5,20,3,0.08,thermal,heavy-hex,32,2,1831,0,42400.0,12,27.848307291666668,1.1218560983651857,27.880859375,26.26953125,30.17578125,27.0751953125,28.41796875,0.7127933584454451,27.135513933221223,28.561100650112113,27.8483 +/- 0.7128
Grover k-SAT,4SAT_n5,5,20,3,0.1,thermal,heavy-hex,32,2,1830,0,42200.0,12,25.1220703125,1.621385195084424,25.341796875,22.75390625,27.9296875,24.3896484375,26.123046875,1.0301790044392514,24.09189130806075,26.15224931693925,25.1221 +/- 1.0302
