algoritmo,n_bits,theta_original,theta_discretizado,noise_level,noise_type,topology,transpiled_depth,cx_gates,total_gates,duration_ns,runs,mean,std,median,min,max,q25,q75,ci_margin,ci95_low,ci95_high,mean_ci_str
QPE,2,0.333,0.25,0.0,ideal,ideal,8,2,10,600.0,25,70.33984375,1.264990879272229,70.60546875,67.87109375,72.8515625,69.23828125,71.09375,0.5221625712405038,69.8176811787595,70.8620063212405,70.3398 +/- 0.5222
QPE,2,0.333,0.25,0.02,readout_only,ideal,8,2,10,600.0,25,67.78125,1.295225266117919,67.87109375,64.74609375,69.921875,66.9921875,68.84765625,0.5346427127450087,67.24660728725499,68.31589271274501,67.7812 +/- 0.5346
QPE,2,0.333,0.25,0.05,readout_only,ideal,8,2,10,600.0,25,63.57421875,1.5530619085892252,63.671875,59.66796875,65.72265625,62.6953125,64.6484375,0.6410724478513141,62.933146302148685,64.21529119785131,63.5742 +/- 0.6411
QPE,2,0.333,0.25,0.08,readout_only,ideal,8,2,10,600.0,25,60.88671875,1.5987315395026116,60.83984375,58.203125,64.16015625,59.765625,62.109375,0.6599239449617582,60.22679480503824,61.54664269496176,60.8867 +/- 0.6599
QPE,2,0.333,0.25,0.1,readout_only,ideal,8,2,10,600.0,25,58.140625,1.4571957465509828,58.69140625,55.46875,60.546875,57.2265625,59.27734375,0.6015008410634085,57.539124158936595,58.742125841063405,58.1406 +/- 0.6015
QPE,2,0.333,0.25,0.02,depolarizing,ideal,8,2,10,600.0,25,64.58984375,1.725874497631714,64.94140625,60.64453125,67.1875,63.8671875,65.52734375,0.7124059786425154,63.877437771357485,65.30224972864252,64.5898 +/- 0.7124
QPE,2,0.333,0.25,0.05,depolarizing,ideal,8,2,10,600.0,25,57.421875,1.9656984607612946,57.6171875,53.02734375,60.546875,55.76171875,58.88671875,0.81140044515193,56.61047455484807,58.23327544515193,57.4219 +/- 0.8114
QPE,2,0.333,0.25,0.08,depolarizing,ideal,8,2,10,600.0,25,50.29296875,1.806200678414882,50.09765625,47.75390625,54.296875,48.828125,51.85546875,0.745562996438406,49.54740575356159,51.03853174643841,50.2930 +/- 0.7456
QPE,2,0.333,0.25,0.1,depolarizing,ideal,8,2,10,600.0,25,46.80859375,1.7184262982345775,46.77734375,43.9453125,51.66015625,45.41015625,47.94921875,0.7093315130380217,46.09926223696198,47.51792526303802,46.8086 +/- 0.7093
QPE,2,0.333,0.25,0.02,thermal,ideal,8,2,10,600.0,25,66.72265625,1.218187512091585,66.50390625,64.0625,68.9453125,66.11328125,67.48046875,0.5028430907998078,66.21981315920019,67.22549934079981,66.7227 +/- 0.5028
QPE,2,0.333,0.25,0.05,thermal,ideal,8,2,10,600.0,25,63.2890625,1.668493541198612,63.57421875,59.27734375,66.69921875,62.6953125,64.16015625,0.6887202839530915,62.60034221604691,63.97778278395309,63.2891 +/- 0.6887
QPE,2,0.333,0.25,0.08,thermal,ideal,8,2,10,600.0,25,59.4375,1.4522790121117162,59.08203125,57.03125,62.20703125,58.3984375,60.15625,0.5994713128359868,58.83802868716401,60.03697131283599,59.4375 +/- 0.5995
QPE,2,0.333,0.25,0.1,thermal,ideal,8,2,10,600.0,25,57.87109375,1.6100946194031547,57.91015625,55.2734375,60.546875,56.8359375,58.984375,0.6646143938142371,57.20647935618576,58.53570814381424,57.8711 +/- 0.6646
QPE,2,0.333,0.25,0.0,ideal,line,28,8,44,2900.0,25,69.98046875,1.5481929623169421,70.3125,66.2109375,72.16796875,68.75,70.8984375,0.6390626456097123,69.34140610439029,70.61953139560971,69.9805 +/- 0.6391
QPE,2,0.333,0.25,0.02,readout_only,line,28,8,44,2900.0,25,67.75,1.50637733269491,67.96875,62.79296875,70.3125,67.08984375,68.5546875,0.6218020020436157,67.12819799795639,68.37180200204361,67.7500 +/- 0.6218
QPE,2,0.333,0.25,0.05,readout_only,line,28,8,44,2900.0,25,64.17578125,1.3548316301042684,64.16015625,60.9375,68.06640625,63.4765625,64.94140625,0.5592470105240692,63.61653423947593,64.73502826052407,64.1758 +/- 0.5592
QPE,2,0.333,0.25,0.08,readout_only,line,28,8,44,2900.0,25,59.98828125,1.5485830413752941,60.05859375,57.03125,62.20703125,59.1796875,61.5234375,0.639223662331203,59.349057587668796,60.627504912331204,59.9883 +/- 0.6392
QPE,2,0.333,0.25,0.1,readout_only,line,30,10,50,3550.0,25,57.98828125,1.2387981759822935,58.0078125,55.95703125,61.23046875,56.93359375,58.88671875,0.5113507547114542,57.47693049528855,58.49963200471145,57.9883 +/- 0.5114
QPE,2,0.333,0.25,0.02,depolarizing,line,30,10,50,3550.0,25,59.04296875,1.6275227844237263,58.7890625,55.17578125,62.3046875,58.10546875,60.25390625,0.671808386757792,58.37116036324221,59.71477713675779,59.0430 +/- 0.6718
QPE,2,0.333,0.25,0.05,depolarizing,line,28,8,44,2900.0,25,47.67578125,1.7212635503127975,48.2421875,44.04296875,50.09765625,46.875,48.53515625,0.7105026731346646,46.96527857686534,48.38628392313466,47.6758 +/- 0.7105
QPE,2,0.333,0.25,0.08,depolarizing,line,28,8,44,2900.0,25,39.28125,1.4194574729153968,39.35546875,36.23046875,41.796875,38.28125,40.13671875,0.5859232473284465,38.695326752671555,39.867173247328445,39.2812 +/- 0.5859
QPE,2,0.333,0.25,0.1,depolarizing,line,28,8,44,2900.0,25,36.0390625,1.5185154360883764,36.03515625,32.421875,38.671875,35.3515625,37.3046875,0.6268123648705493,35.41225013512945,36.66587486487055,36.0391 +/- 0.6268
QPE,2,0.333,0.25,0.02,thermal,line,28,8,44,2900.0,25,64.98046875,1.804660020759407,65.33203125,61.23046875,68.75,63.57421875,65.91796875,0.7449270442145868,64.23554170578541,65.72539579421459,64.9805 +/- 0.7449
QPE,2,0.333,0.25,0.05,thermal,line,28,8,44,2900.0,25,61.84765625,1.422377054078172,61.62109375,59.27734375,64.84375,61.1328125,62.59765625,0.5871283912009281,61.26052785879907,62.43478464120093,61.8477 +/- 0.5871
QPE,2,0.333,0.25,0.08,thermal,line,34,10,50,3550.0,25,58.04296875,1.6634751598206974,57.6171875,55.6640625,62.20703125,56.93359375,59.27734375,0.6866487979315757,57.356319952068425,58.729617547931575,58.0430 +/- 0.6866
QPE,2,0.333,0.25,0.1,thermal,line,30,10,50,3550.0,25,55.703125,1.588978524929002,55.859375,51.85546875,58.69140625,54.296875,56.54296875,0.6558980984117562,55.047226901588246,56.359023098411754,55.7031 +/- 0.6559
QPE,2,0.333,0.25,0.0,ideal,heavy-hex,39,0,57,900.0,25,70.10546875,1.278053825156337,70.41015625,67.578125,72.55859375,68.9453125,71.09375,0.5275546902846707,69.57791405971533,70.63302344028467,70.1055 +/- 0.5276
QPE,2,0.333,0.25,0.02,readout_only,heavy-hex,45,0,64,950.0,25,67.14453125,1.0559677077856442,67.1875,65.52734375,69.3359375,66.30859375,67.7734375,0.4358820466448858,66.70864920335511,67.58041329664489,67.1445 +/- 0.4359
QPE,2,0.333,0.25,0.05,readout_only,heavy-hex,39,0,57,900.0,25,63.09765625,1.2356892602908092,62.98828125,61.1328125,66.015625,62.40234375,63.8671875,0.5100674573866787,62.587588792613325,63.607723707386675,63.0977 +/- 0.5101
QPE,2,0.333,0.25,0.08,readout_only,heavy-hex,43,0,62,850.0,25,60.58984375,1.480246709245158,60.3515625,57.71484375,63.57421875,59.765625,61.71875,0.6110158108131386,59.978827939186864,61.200859560813136,60.5898 +/- 0.6110
QPE,2,0.333,0.25,0.1,readout_only,heavy-hex,39,0,57,900.0,25,57.6953125,1.695210490402544,57.421875,53.3203125,61.1328125,56.8359375,58.88671875,0.6997484985597083,56.99556400144029,58.39506099855971,57.6953 +/- 0.6997
QPE,2,0.333,0.25,0.02,depolarizing,heavy-hex,43,0,62,850.0,25,63.70703125,1.4604643737285543,63.8671875,60.25390625,66.40625,62.98828125,64.6484375,0.6028500640494663,63.10418118595054,64.30988131404946,63.7070 +/- 0.6029
QPE,2,0.333,0.25,0.05,depolarizing,heavy-hex,39,0,57,900.0,25,56.1484375,1.456268301700088,56.34765625,52.734375,58.69140625,55.2734375,56.93359375,0.6011180106446584,55.54731948935534,56.74955551064466,56.1484 +/- 0.6011
QPE,2,0.333,0.25,0.08,depolarizing,heavy-hex,39,0,57,900.0,25,49.39453125,1.3452126283160069,49.51171875,46.38671875,51.66015625,48.2421875,50.48828125,0.5552764817330511,48.83925476826695,49.94980773173305,49.3945 +/- 0.5553
QPE,2,0.333,0.25,0.1,depolarizing,heavy-hex,43,0,62,850.0,25,43.68359375,1.3838617686660004,43.84765625,41.11328125,46.58203125,42.48046875,44.7265625,0.5712300627683533,43.11236368723165,44.25482381276835,43.6836 +/- 0.5712
QPE,2,0.333,0.25,0.02,thermal,heavy-hex,45,0,64,950.0,25,66.44140625,1.4078202134858517,66.50390625,63.96484375,69.140625,65.0390625,67.08984375,0.5811196227288604,65.86028662727114,67.02252587272886,66.4414 +/- 0.5811
QPE,2,0.333,0.25,0.05,thermal,heavy-hex,39,0,57,900.0,25,62.7890625,1.376017800681724,62.59765625,60.83984375,65.33203125,61.62109375,63.76953125,0.5679922319203126,62.221070268079686,63.357054731920314,62.7891 +/- 0.5680
QPE,2,0.333,0.25,0.08,thermal,heavy-hex,45,0,64,950.0,25,59.94921875,1.701368820521879,60.05859375,56.25,62.890625,59.47265625,61.03515625,0.7022905322947737,59.246928217705225,60.651509282294775,59.9492 +/- 0.7023
QPE,2,0.333,0.25,0.1,thermal,heavy-hex,39,0,57,900.0,25,57.75390625,1.7254139573973286,57.51953125,54.58984375,61.5234375,56.73828125,58.7890625,0.7122158769770515,57.041690373022945,58.466122126977055,57.7539 +/- 0.7122
QPE,3,0.333,0.375,0.0,ideal,ideal,24,11,31,3300.0,25,68.09375,1.5258352858348432,67.96875,65.13671875,71.38671875,67.1875,69.3359375,0.6298338503431624,67.46391614965684,68.72358385034316,68.0938 +/- 0.6298
QPE,3,0.333,0.375,0.02,readout_only,ideal,24,11,31,3300.0,25,64.328125,1.6398109959806535,63.96484375,61.03515625,67.96875,63.18359375,65.4296875,0.6768807111892564,63.651244288810744,65.00500571118926,64.3281 +/- 0.6769
QPE,3,0.333,0.375,0.05,readout_only,ideal,24,11,31,3300.0,25,59.44140625,1.450866475406898,59.5703125,57.12890625,63.4765625,58.59375,60.15625,0.5988882463413225,58.842518003658675,60.040294496341325,59.4414 +/- 0.5989
QPE,3,0.333,0.375,0.08,readout_only,ideal,24,11,31,3300.0,25,54.796875,1.4311778043393013,54.6875,52.1484375,57.91015625,53.80859375,55.859375,0.5907611623619665,54.206113837638036,55.387636162361964,54.7969 +/- 0.5908
QPE,3,0.333,0.375,0.1,readout_only,ideal,24,11,31,3300.0,25,51.87109375,1.1825683986891096,51.953125,49.70703125,54.98046875,51.07421875,52.63671875,0.48814024341624096,51.38295350658376,52.35923399341624,51.8711 +/- 0.4881
QPE,3,0.333,0.375,0.02,depolarizing,ideal,24,11,31,3300.0,25,54.83203125,1.8484138080952088,54.58984375,52.44140625,58.30078125,53.3203125,56.15234375,0.7629877199642148,54.069043530035785,55.595018969964215,54.8320 +/- 0.7630
QPE,3,0.333,0.375,0.05,depolarizing,ideal,24,11,31,3300.0,25,39.3203125,1.6004108537235513,39.16015625,35.7421875,42.08984375,38.18359375,40.625,0.6606171318027819,38.65969536819722,39.98092963180278,39.3203 +/- 0.6606
QPE,3,0.333,0.375,0.08,depolarizing,ideal,24,11,31,3300.0,25,29.9296875,1.6730599170633382,29.6875,26.171875,32.71484375,29.1015625,31.4453125,0.6906051912689037,29.239082308731096,30.620292691268904,29.9297 +/- 0.6906
QPE,3,0.333,0.375,0.1,depolarizing,ideal,24,11,31,3300.0,25,25.3046875,1.1706265050766709,25.29296875,23.33984375,27.34375,24.4140625,26.3671875,0.48321087200627555,24.821476627993725,25.787898372006275,25.3047 +/- 0.4832
QPE,3,0.333,0.375,0.02,thermal,ideal,24,11,31,3300.0,25,61.2890625,1.5819609198616131,60.83984375,58.69140625,64.35546875,59.9609375,62.5,0.6530013734108246,60.636061126589176,61.942063873410824,61.2891 +/- 0.6530
QPE,3,0.333,0.375,0.05,thermal,ideal,24,11,31,3300.0,25,56.2421875,1.0164072007906135,56.34765625,54.1015625,57.51953125,55.76171875,57.03125,0.419552271948022,55.82263522805198,56.66173977194802,56.2422 +/- 0.4196
QPE,3,0.333,0.375,0.08,thermal,ideal,24,11,31,3300.0,25,52.38671875,1.394263148248027,52.34375,49.90234375,55.56640625,51.3671875,53.02734375,0.5755235412400117,51.81119520875999,52.96224229124001,52.3867 +/- 0.5755
QPE,3,0.333,0.375,0.1,thermal,ideal,24,11,31,3300.0,25,48.05078125,1.6861570689630883,47.75390625,44.62890625,50.9765625,46.875,49.4140625,0.6960114298623674,47.35476982013763,48.74679267986237,48.0508 +/- 0.6960
QPE,3,0.333,0.375,0.0,ideal,line,68,27,124,9400.0,25,68.47265625,1.3728954508429665,68.65234375,66.11328125,70.80078125,67.67578125,69.43359375,0.5667033892520902,67.90595286074792,69.03935963925208,68.4727 +/- 0.5667
QPE,3,0.333,0.375,0.02,readout_only,line,68,27,124,9400.0,25,64.8359375,1.2748162230642857,65.13671875,62.6953125,66.89453125,63.671875,65.52734375,0.526218273824489,64.30971922617552,65.36215577382448,64.8359 +/- 0.5262
QPE,3,0.333,0.375,0.05,readout_only,line,68,27,124,9400.0,25,59.53515625,1.4249337521150471,59.1796875,57.03125,62.59765625,58.69140625,60.64453125,0.5881837442810928,58.946972505718904,60.123339994281096,59.5352 +/- 0.5882
QPE,3,0.333,0.375,0.08,readout_only,line,68,27,124,9400.0,25,54.296875,1.4807620332576634,53.80859375,52.24609375,57.03125,53.41796875,55.078125,0.6112285261107749,53.68564647388923,54.90810352611077,54.2969 +/- 0.6112
QPE,3,0.333,0.375,0.1,readout_only,line,68,27,124,9400.0,25,52.328125,1.454684825202294,52.24609375,49.90234375,55.17578125,51.7578125,52.9296875,0.6004643836714246,51.72766061632858,52.92858938367142,52.3281 +/- 0.6005
QPE,3,0.333,0.375,0.02,depolarizing,line,68,27,124,9400.0,25,41.83203125,1.6011555472555319,41.50390625,39.2578125,44.62890625,40.625,43.06640625,0.6609245261846837,41.17110672381531,42.49295577618469,41.8320 +/- 0.6609
QPE,3,0.333,0.375,0.05,depolarizing,line,68,27,124,9400.0,25,23.796875,1.3233893243457564,24.0234375,21.09375,26.07421875,22.75390625,24.609375,0.546268264598217,23.25060673540178,24.34314326459822,23.7969 +/- 0.5463
QPE,3,0.333,0.375,0.08,depolarizing,line,68,27,124,9400.0,25,17.16796875,1.2980079451417244,17.3828125,14.6484375,19.62890625,16.40625,18.06640625,0.5357913461919495,16.63217740380805,17.70376009619195,17.1680 +/- 0.5358
QPE,3,0.333,0.375,0.1,depolarizing,line,68,27,124,9400.0,25,15.19921875,1.1166171238475304,15.13671875,13.0859375,17.08984375,14.55078125,16.015625,0.4609168951596271,14.738301854840373,15.660135645159627,15.1992 +/- 0.4609
QPE,3,0.333,0.375,0.02,thermal,line,68,27,124,9400.0,25,56.62890625,1.5011028897649912,56.640625,53.3203125,59.47265625,55.56640625,57.6171875,0.619624819008326,56.00928143099168,57.24853106900832,56.6289 +/- 0.6196
QPE,3,0.333,0.375,0.05,thermal,line,68,27,124,9400.0,25,52.55859375,1.4713397630194691,52.44140625,50.0,56.4453125,51.5625,53.41796875,0.607339204112399,51.9512545458876,53.1659329541124,52.5586 +/- 0.6073
QPE,3,0.333,0.375,0.08,thermal,line,68,27,124,9400.0,25,48.26171875,1.5396997775107122,48.53515625,45.01953125,50.68359375,47.265625,49.4140625,0.6355568312286684,47.62616191877133,48.89727558122867,48.2617 +/- 0.6356
QPE,3,0.333,0.375,0.1,thermal,line,68,27,124,9400.0,25,45.21875,1.7192955307302267,44.921875,42.7734375,48.046875,43.65234375,46.58203125,0.7096903145775197,44.50905968542248,45.92844031457752,45.2188 +/- 0.7097
QPE,3,0.333,0.375,0.0,ideal,heavy-hex,79,0,114,1650.0,25,68.2421875,1.2197261715621872,68.1640625,66.6015625,70.99609375,67.08984375,68.9453125,0.5034782182134501,67.73870928178656,68.74566571821344,68.2422 +/- 0.5035
QPE,3,0.333,0.375,0.02,readout_only,heavy-hex,79,0,114,1650.0,25,64.74609375,1.6093540622373854,64.94140625,61.328125,68.06640625,63.76953125,65.72265625,0.6643087068403902,64.08178504315961,65.41040245684039,64.7461 +/- 0.6643
QPE,3,0.333,0.375,0.05,readout_only,heavy-hex,84,0,118,1600.0,25,59.70703125,1.6527196337875645,59.765625,56.0546875,62.98828125,58.7890625,60.83984375,0.6822091349897086,59.024822115010295,60.389240384989705,59.7070 +/- 0.6822
QPE,3,0.333,0.375,0.08,readout_only,heavy-hex,84,0,118,1600.0,25,54.609375,1.3123173662305496,54.58984375,51.953125,56.640625,53.41796875,55.76171875,0.5416979849125407,54.06767701508746,55.15107298491254,54.6094 +/- 0.5417
QPE,3,0.333,0.375,0.1,readout_only,heavy-hex,84,0,118,1600.0,25,51.16015625,1.761723441535697,51.3671875,47.55859375,54.296875,50.5859375,52.05078125,0.7272036953943782,50.43295255460562,51.88735994539438,51.1602 +/- 0.7272
QPE,3,0.333,0.375,0.02,depolarizing,heavy-hex,84,0,118,1600.0,25,57.88671875,1.5890485444732985,57.91015625,54.4921875,59.9609375,56.93359375,59.27734375,0.6559270010591081,57.230791748940895,58.542645751059105,57.8867 +/- 0.6559
QPE,3,0.333,0.375,0.05,depolarizing,heavy-hex,84,0,118,1600.0,25,45.296875,1.2173391147349502,45.01953125,42.87109375,47.4609375,44.53125,46.2890625,0.5024928895829983,44.794382110417004,45.799367889582996,45.2969 +/- 0.5025
QPE,3,0.333,0.375,0.08,depolarizing,heavy-hex,79,0,114,1650.0,25,36.47265625,2.0511919851581943,36.71875,30.95703125,39.94140625,35.15625,37.6953125,0.8466904375581843,35.62596581244181,37.31934668755819,36.4727 +/- 0.8467
QPE,3,0.333,0.375,0.1,depolarizing,heavy-hex,79,0,114,1650.0,25,31.84765625,1.5221327712854829,31.73828125,29.19921875,35.05859375,30.6640625,33.0078125,0.6283055274525962,31.219350722547404,32.475961777452596,31.8477 +/- 0.6283
QPE,3,0.333,0.375,0.02,thermal,heavy-hex,79,0,114,1650.0,25,63.21875,1.6803497664854972,63.4765625,60.25390625,67.08984375,61.62109375,64.35546875,0.6936142932162795,62.52513570678372,63.91236429321628,63.2188 +/- 0.6936
QPE,3,0.333,0.375,0.05,thermal,heavy-hex,79,0,114,1650.0,25,57.4375,1.2196219170065403,57.6171875,55.078125,60.05859375,56.93359375,58.10546875,0.5034351840479615,56.93406481595204,57.94093518404796,57.4375 +/- 0.5034
QPE,3,0.333,0.375,0.08,thermal,heavy-hex,84,0,118,1600.0,25,53.51171875,1.8286073053904914,53.61328125,49.609375,56.54296875,52.1484375,54.6875,0.7548119974755851,52.756906752524415,54.266530747475585,53.5117 +/- 0.7548
QPE,3,0.333,0.375,0.1,thermal,heavy-hex,84,0,118,1600.0,25,49.75390625,1.56405562209714,49.12109375,47.4609375,52.34375,48.73046875,51.07421875,0.6456104297505012,49.1082958202495,50.3995166797505,49.7539 +/- 0.6456
QPE,4,0.333,0.3125,0.0,ideal,ideal,33,20,53,6000.0,25,69.29296875,0.9717001345733919,69.3359375,67.08984375,70.99609375,68.45703125,69.921875,0.4010981020159555,68.89187064798405,69.69406685201595,69.2930 +/- 0.4011
QPE,4,0.333,0.3125,0.02,readout_only,ideal,33,20,53,6000.0,25,64.078125,1.580875429763629,64.16015625,59.765625,66.6015625,63.0859375,65.13671875,0.6525533051204465,63.42557169487955,64.73067830512045,64.0781 +/- 0.6526
QPE,4,0.333,0.3125,0.05,readout_only,ideal,33,20,53,6000.0,25,56.47265625,1.8972978350029894,56.0546875,53.3203125,60.15625,55.17578125,58.10546875,0.7831660545285255,55.68949019547147,57.25582230452853,56.4727 +/- 0.7832
QPE,4,0.333,0.3125,0.08,readout_only,ideal,33,20,53,6000.0,25,50.02734375,1.5067043943379597,50.09765625,46.97265625,53.3203125,49.21875,50.9765625,0.6219370064545465,49.405406743545456,50.649280756454544,50.0273 +/- 0.6219
QPE,4,0.333,0.3125,0.1,readout_only,ideal,33,20,53,6000.0,25,46.515625,1.334154988479414,46.484375,43.45703125,49.70703125,45.60546875,47.0703125,0.5507121123423022,45.9649128876577,47.0663371123423,46.5156 +/- 0.5507
QPE,4,0.333,0.3125,0.02,depolarizing,ideal,33,20,53,6000.0,25,46.83984375,1.6977588915703696,46.6796875,43.359375,49.51171875,45.703125,48.14453125,0.7008004268606536,46.13904332313935,47.54064417686065,46.8398 +/- 0.7008
QPE,4,0.333,0.3125,0.05,depolarizing,ideal,33,20,53,6000.0,25,27.1953125,1.6148064571971865,27.05078125,24.51171875,30.2734375,26.07421875,28.3203125,0.6665593448633826,26.528753155136616,27.861871844863384,27.1953 +/- 0.6666
QPE,4,0.333,0.3125,0.08,depolarizing,ideal,33,20,53,6000.0,25,16.39453125,0.9615215397837424,16.30859375,14.84375,18.359375,15.52734375,17.08984375,0.3968965845868051,15.997634665413194,16.791427834586806,16.3945 +/- 0.3969
QPE,4,0.333,0.3125,0.1,depolarizing,ideal,33,20,53,6000.0,25,12.81640625,0.9511170629313137,12.6953125,11.23046875,14.453125,12.109375,13.671875,0.39260182762476115,12.42380442237524,13.20900807762476,12.8164 +/- 0.3926
QPE,4,0.333,0.3125,0.02,thermal,ideal,33,20,53,6000.0,25,58.09765625,1.5665434335709696,57.8125,55.6640625,61.42578125,57.03125,58.7890625,0.6466373478549889,57.45101890214501,58.74429359785499,58.0977 +/- 0.6466
QPE,4,0.333,0.3125,0.05,thermal,ideal,33,20,53,6000.0,25,51.46875,1.454903338215784,51.3671875,48.92578125,54.296875,50.1953125,52.44140625,0.6005545814102725,50.86819541858973,52.06930458141027,51.4688 +/- 0.6006
QPE,4,0.333,0.3125,0.08,thermal,ideal,33,20,53,6000.0,25,46.02734375,1.7757422529493139,45.703125,43.5546875,49.31640625,44.53125,47.75390625,0.732990376336838,45.294353373663164,46.760334126336836,46.0273 +/- 0.7330
QPE,4,0.333,0.3125,0.1,thermal,ideal,33,20,53,6000.0,25,42.27734375,1.5530414397636165,42.08984375,38.76953125,45.21484375,41.50390625,43.359375,0.6410639987353677,41.63627975126463,42.91840774873537,42.2773 +/- 0.6411
QPE,4,0.333,0.3125,0.0,ideal,line,109,41,191,14500.0,25,69.609375,1.4027644157822423,69.82421875,66.69921875,71.58203125,68.84765625,70.80078125,0.5790326920071881,69.03034230799281,70.18840769200719,69.6094 +/- 0.5790
QPE,4,0.333,0.3125,0.02,readout_only,line,109,41,191,14500.0,25,64.1796875,1.4190991032381064,64.0625,61.42578125,67.3828125,63.18359375,65.0390625,0.5857753195961484,63.593912180403855,64.76546281959615,64.1797 +/- 0.5858
QPE,4,0.333,0.3125,0.05,readout_only,line,109,41,191,14500.0,25,56.15625,1.4516221892721843,56.34765625,53.515625,59.66796875,55.17578125,56.8359375,0.5992001896932359,55.557049810306765,56.755450189693235,56.1562 +/- 0.5992
QPE,4,0.333,0.3125,0.08,readout_only,line,110,43,197,15250.0,25,50.609375,1.5270744014685214,50.87890625,47.4609375,53.3203125,49.31640625,51.3671875,0.6303453321379704,49.97902966786203,51.23972033213797,50.6094 +/- 0.6303
QPE,4,0.333,0.3125,0.1,readout_only,line,112,43,198,15250.0,25,45.6953125,2.1441644888831104,45.3125,42.48046875,51.85546875,44.3359375,46.875,0.8850676008999463,44.810244899100056,46.580380100899944,45.6953 +/- 0.8851
QPE,4,0.333,0.3125,0.02,depolarizing,line,109,41,191,14500.0,25,32.0234375,1.4640080081185645,32.2265625,28.515625,34.5703125,31.15234375,33.0078125,0.6043128044335617,31.41912469556644,32.62775030443356,32.0234 +/- 0.6043
QPE,4,0.333,0.3125,0.05,depolarizing,line,109,41,191,14500.0,25,13.3125,0.9500469263098298,13.28125,11.81640625,15.234375,12.5,13.96484375,0.3921600969379959,12.920339903062004,13.704660096937996,13.3125 +/- 0.3922
QPE,4,0.333,0.3125,0.08,depolarizing,line,103,37,171,13000.0,25,8.91796875,1.0182820312097407,9.08203125,6.93359375,10.83984375,8.0078125,9.47265625,0.4203261639090886,8.497642586090912,9.338294913909088,8.9180 +/- 0.4203
QPE,4,0.333,0.3125,0.1,depolarizing,line,103,37,171,13000.0,25,7.70703125,1.0468367384565855,7.6171875,5.76171875,9.765625,6.93359375,8.30078125,0.43211296775198305,7.2749182822480165,8.139144217751983,7.7070 +/- 0.4321
QPE,4,0.333,0.3125,0.02,thermal,line,112,43,198,15250.0,25,50.875,1.468495881302257,50.68359375,47.55859375,54.19921875,50.09765625,51.3671875,0.6061653074352801,50.26883469256472,51.48116530743528,50.8750 +/- 0.6062
QPE,4,0.333,0.3125,0.05,thermal,line,110,43,197,15250.0,25,44.32421875,1.5518640282179437,44.3359375,40.8203125,47.55859375,43.1640625,45.21484375,0.6405779871362559,43.683640762863746,44.964796737136254,44.3242 +/- 0.6406
QPE,4,0.333,0.3125,0.08,thermal,line,109,41,191,14500.0,25,39.8828125,1.8304578020194726,39.74609375,36.81640625,44.3359375,38.4765625,41.11328125,0.7555758449417554,39.12723665505825,40.63838834494175,39.8828 +/- 0.7556
QPE,4,0.333,0.3125,0.1,thermal,line,110,43,197,15250.0,25,35.7578125,1.8074498469217257,35.64453125,32.03125,40.234375,34.27734375,37.01171875,0.7460786278553071,35.011733872144696,36.503891127855304,35.7578 +/- 0.7461
QPE,4,0.333,0.3125,0.0,ideal,heavy-hex,161,0,229,3200.0,25,69.66796875,0.9733018481592483,69.7265625,67.578125,71.97265625,69.140625,70.1171875,0.4017592568891533,69.26620949311085,70.06972800688915,69.6680 +/- 0.4018
QPE,4,0.333,0.3125,0.02,readout_only,heavy-hex,161,0,229,3200.0,25,64.21875,1.0038505172597185,64.16015625,62.109375,66.11328125,63.4765625,65.0390625,0.4143691277323755,63.80438087226762,64.63311912773237,64.2188 +/- 0.4144
QPE,4,0.333,0.3125,0.05,readout_only,heavy-hex,161,0,229,3200.0,25,56.953125,1.3351315452354058,56.640625,54.8828125,59.47265625,55.859375,58.0078125,0.55111521515911,56.40200978484089,57.50424021515911,56.9531 +/- 0.5511
QPE,4,0.333,0.3125,0.08,readout_only,heavy-hex,161,0,229,3200.0,25,49.91796875,1.486835782363825,49.8046875,46.484375,53.22265625,48.92578125,51.26953125,0.6137356465195543,49.30423310348045,50.53170439651955,49.9180 +/- 0.6137
QPE,4,0.333,0.3125,0.1,readout_only,heavy-hex,154,0,247,3500.0,25,46.359375,1.4865257342356781,46.875,42.96875,48.73046875,45.3125,47.36328125,0.6136076649424106,45.745767335057586,46.972982664942414,46.3594 +/- 0.6136
QPE,4,0.333,0.3125,0.02,depolarizing,heavy-hex,142,0,237,3550.0,25,50.48046875,1.3174307107288847,50.5859375,48.046875,52.63671875,49.609375,51.26953125,0.5438086697835851,49.93666008021641,51.02427741978359,50.4805 +/- 0.5438
QPE,4,0.333,0.3125,0.05,depolarizing,heavy-hex,161,0,229,3200.0,25,33.28515625,1.388723151596674,33.203125,31.15234375,36.328125,32.12890625,34.27734375,0.5732367430159815,32.71191950698402,33.85839299301598,33.2852 +/- 0.5732
QPE,4,0.333,0.3125,0.08,depolarizing,heavy-hex,161,0,229,3200.0,25,22.90625,1.3753245577536075,22.94921875,20.99609375,25.390625,21.6796875,23.73046875,0.5677060753038727,22.338543924696125,23.473956075303875,22.9062 +/- 0.5677
QPE,4,0.333,0.3125,0.1,depolarizing,heavy-hex,140,0,209,2950.0,25,19.46875,1.3496008954147507,19.62890625,17.08984375,22.75390625,18.65234375,20.60546875,0.5570878693636785,18.911662130636323,20.025837869363677,19.4688 +/- 0.5571
QPE,4,0.333,0.3125,0.02,thermal,heavy-hex,161,0,229,3200.0,25,59.96484375,1.4800856336958739,59.86328125,56.93359375,62.6953125,59.08203125,61.1328125,0.6109493220942424,59.35389442790576,60.57579307209424,59.9648 +/- 0.6109
QPE,4,0.333,0.3125,0.05,thermal,heavy-hex,162,0,248,3350.0,25,52.91796875,1.2639852820074728,52.83203125,50.0,55.2734375,52.05078125,53.80859375,0.5217474810908422,52.39622126890916,53.43971623109084,52.9180 +/- 0.5217
QPE,4,0.333,0.3125,0.08,thermal,heavy-hex,161,0,229,3200.0,25,46.78125,1.5449761961056885,46.484375,42.96875,49.90234375,45.8984375,47.8515625,0.6377348297784122,46.14351517022159,47.41898482977841,46.7812 +/- 0.6377
QPE,4,0.333,0.3125,0.1,thermal,heavy-hex,142,0,237,3550.0,25,43.390625,1.9526610777151852,43.65234375,39.94140625,46.97265625,42.28515625,44.82421875,0.8060188779286782,42.58460612207132,44.19664387792868,43.3906 +/- 0.8060
QPE,5,0.333,0.34375,0.0,ideal,ideal,42,28,75,8400.0,25,66.4375,1.358358302598741,66.40625,63.8671875,69.62890625,65.625,67.08984375,0.5607027493818042,65.8767972506182,66.9982027493818,66.4375 +/- 0.5607
QPE,5,0.333,0.34375,0.02,readout_only,ideal,42,28,75,8400.0,25,60.56640625,1.4449055416644654,60.7421875,58.0078125,63.37890625,59.5703125,61.5234375,0.5964276938259292,59.96997855617407,61.16283394382593,60.5664 +/- 0.5964
QPE,5,0.333,0.34375,0.05,readout_only,ideal,42,28,75,8400.0,25,52.3359375,2.108282112233173,52.05078125,47.265625,56.25,51.26953125,53.80859375,0.8702560837888261,51.465681416211176,53.206193583788824,52.3359 +/- 0.8703
QPE,5,0.333,0.34375,0.08,readout_only,ideal,42,28,75,8400.0,25,45.0,1.2304299969095853,44.7265625,42.28515625,48.14453125,44.3359375,45.703125,0.5078965401611325,44.492103459838866,45.507896540161134,45.0000 +/- 0.5079
QPE,5,0.333,0.34375,0.1,readout_only,ideal,42,28,75,8400.0,25,40.46875,1.9842090286972798,40.33203125,36.71875,45.21484375,39.16015625,41.50390625,0.8190412320595295,39.64970876794047,41.28779123205953,40.4688 +/- 0.8190
QPE,5,0.333,0.34375,0.02,depolarizing,ideal,42,28,75,8400.0,25,38.94140625,1.5860449342716132,38.96484375,35.05859375,41.2109375,37.890625,39.94140625,0.6546871717041182,38.28671907829588,39.59609342170412,38.9414 +/- 0.6547
QPE,5,0.333,0.34375,0.05,depolarizing,ideal,42,28,75,8400.0,25,19.22265625,1.484696202912032,19.23828125,16.015625,22.36328125,18.26171875,20.41015625,0.6128524715289453,18.609803778471054,19.835508721528946,19.2227 +/- 0.6129
QPE,5,0.333,0.34375,0.08,depolarizing,ideal,42,28,75,8400.0,25,10.65625,0.9787248196210812,10.7421875,8.49609375,12.01171875,10.05859375,11.42578125,0.40399774948911865,10.252252250510882,11.060247749489118,10.6562 +/- 0.4040
QPE,5,0.333,0.34375,0.1,depolarizing,ideal,42,28,75,8400.0,25,7.70703125,0.8494409854680717,7.71484375,6.25,9.375,7.12890625,8.203125,0.35063200561908825,7.356399244380912,8.057663255619088,7.7070 +/- 0.3506
QPE,5,0.333,0.34375,0.02,thermal,ideal,42,28,75,8400.0,25,52.73046875,2.015105424494255,52.63671875,49.51171875,57.71484375,51.171875,53.61328125,0.831794637428503,51.8986741125715,53.5622633874285,52.7305 +/- 0.8318
QPE,5,0.333,0.34375,0.05,thermal,ideal,42,28,75,8400.0,25,45.796875,1.205464783829077,45.80078125,43.45703125,48.046875,44.82421875,46.484375,0.497591406687613,45.29928359331239,46.29446640668761,45.7969 +/- 0.4976
QPE,5,0.333,0.34375,0.08,thermal,ideal,42,28,75,8400.0,25,39.39453125,1.5107814304521214,39.6484375,35.05859375,41.9921875,38.671875,40.13671875,0.6236199242488913,38.77091132575111,40.01815117424889,39.3945 +/- 0.6236
QPE,5,0.333,0.34375,0.1,thermal,ideal,42,28,75,8400.0,25,35.4765625,1.6700646411925852,34.86328125,33.30078125,39.74609375,34.27734375,36.71875,0.6893688021566385,34.787193697843364,36.165931302156636,35.4766 +/- 0.6894
QPE,5,0.333,0.34375,0.0,ideal,line,161,72,334,25550.0,25,66.7578125,1.9739691768405445,66.9921875,63.28125,71.97265625,65.625,67.7734375,0.8148144289558495,65.94299807104414,67.57262692895586,66.7578 +/- 0.8148
QPE,5,0.333,0.34375,0.02,readout_only,line,156,70,326,25000.0,25,60.6796875,1.5308687942265722,60.83984375,58.10546875,63.96484375,59.66796875,61.62109375,0.6319115804890889,60.04777591951091,61.31159908048909,60.6797 +/- 0.6319
QPE,5,0.333,0.34375,0.05,readout_only,line,134,64,295,22750.0,25,52.23828125,1.5996757496658534,52.05078125,48.4375,55.46875,51.26953125,53.02734375,0.660313695761316,51.57796755423868,52.89859494576132,52.2383 +/- 0.6603
QPE,5,0.333,0.34375,0.08,readout_only,line,159,72,332,25650.0,25,44.73828125,1.5119172457968793,44.43359375,41.50390625,47.75390625,43.9453125,45.5078125,0.6240887657801555,44.11419248421984,45.36237001578016,44.7383 +/- 0.6241
QPE,5,0.333,0.34375,0.1,readout_only,line,154,70,326,24900.0,25,41.01171875,1.4693074352199775,40.234375,39.35546875,44.53125,39.74609375,42.3828125,0.6065003004279735,40.405218449572025,41.618219050427975,41.0117 +/- 0.6065
QPE,5,0.333,0.34375,0.02,depolarizing,line,141,66,303,23300.0,25,21.0703125,1.5704347679908015,21.19140625,18.9453125,25.0,19.921875,21.6796875,0.6482436117573699,20.42206888824263,21.71855611175737,21.0703 +/- 0.6482
QPE,5,0.333,0.34375,0.05,depolarizing,line,156,70,326,25000.0,25,5.765625,0.7598384243721449,5.859375,4.4921875,7.6171875,5.17578125,6.25,0.31364588622627426,5.451979113773726,6.079270886226274,5.7656 +/- 0.3136
QPE,5,0.333,0.34375,0.08,depolarizing,line,150,66,305,23300.0,25,4.0390625,0.5042001424137305,3.90625,3.3203125,5.2734375,3.7109375,4.296875,0.20812358974006828,3.8309389102599316,4.247186089740068,4.0391 +/- 0.2081
QPE,5,0.333,0.34375,0.1,depolarizing,line,141,66,303,23400.0,25,3.3984375,0.5082192381509113,3.41796875,2.63671875,4.4921875,2.9296875,3.515625,0.20978259092227086,3.188654909077729,3.608220090922271,3.3984 +/- 0.2098
QPE,5,0.333,0.34375,0.02,thermal,line,161,72,334,25550.0,25,41.3671875,1.7684052220052662,41.69921875,37.98828125,43.75,41.11328125,42.1875,0.7299617988144299,40.63722570118557,42.09714929881443,41.3672 +/- 0.7300
QPE,5,0.333,0.34375,0.05,thermal,line,140,64,295,22950.0,25,37.953125,1.8925502422051663,38.28125,34.47265625,41.796875,36.23046875,39.2578125,0.7812063445392009,37.1719186554608,38.7343313445392,37.9531 +/- 0.7812
QPE,5,0.333,0.34375,0.08,thermal,line,163,72,334,25650.0,25,30.73046875,1.4271183798540286,30.76171875,28.22265625,33.30078125,29.78515625,31.4453125,0.5890855142907281,30.14138323570927,31.31955426429073,30.7305 +/- 0.5891
QPE,5,0.333,0.34375,0.1,thermal,line,154,70,326,24900.0,25,27.52734375,1.3564848009535893,27.5390625,24.609375,31.25,26.953125,28.125,0.559929405911677,26.967414344088322,28.087273155911678,27.5273 +/- 0.5599
QPE,5,0.333,0.34375,0.0,ideal,heavy-hex,198,0,318,4550.0,25,66.6171875,1.8956551380740407,66.40625,62.6953125,71.09375,65.33203125,67.7734375,0.7824879825627559,65.83469951743724,67.39967548256276,66.6172 +/- 0.7825
QPE,5,0.333,0.34375,0.02,readout_only,heavy-hex,202,0,321,4500.0,25,60.99609375,1.5254393898255185,60.83984375,58.69140625,64.55078125,59.765625,62.01171875,0.6296704325023227,60.36642331749768,61.62576418250232,60.9961 +/- 0.6297
QPE,5,0.333,0.34375,0.05,readout_only,heavy-hex,198,0,318,4550.0,25,52.4765625,1.5149524153317162,52.5390625,49.31640625,55.56640625,51.3671875,53.125,0.6253416221876049,51.851220877812395,53.101904122187605,52.4766 +/- 0.6253
QPE,5,0.333,0.34375,0.08,readout_only,heavy-hex,198,0,318,4550.0,25,45.12109375,1.1861918421679443,45.01953125,43.1640625,48.4375,44.43359375,45.8984375,0.48963592737306244,44.631457822626935,45.610729677373065,45.1211 +/- 0.4896
QPE,5,0.333,0.34375,0.1,readout_only,heavy-hex,202,0,321,4500.0,25,40.71484375,1.7457722048501096,40.91796875,36.71875,44.04296875,40.0390625,41.6015625,0.7206193485040638,39.994224401495934,41.435463098504066,40.7148 +/- 0.7206
QPE,5,0.333,0.34375,0.02,depolarizing,heavy-hex,198,0,318,4550.0,25,44.2109375,1.4619981040403054,44.140625,41.796875,47.8515625,43.06640625,45.01953125,0.6034831568063359,43.607454343193666,44.814420656806334,44.2109 +/- 0.6035
QPE,5,0.333,0.34375,0.05,depolarizing,heavy-hex,204,0,322,4500.0,25,25.390625,1.4410502503294635,25.390625,22.55859375,28.7109375,24.51171875,25.5859375,0.5948363077777358,24.795788692222263,25.985461307777737,25.3906 +/- 0.5948
QPE,5,0.333,0.34375,0.08,depolarizing,heavy-hex,200,0,319,4550.0,25,15.1640625,0.8746097239280233,15.234375,12.6953125,16.69921875,14.55078125,15.72265625,0.3610211502401855,14.803041349759814,15.525083650240186,15.1641 +/- 0.3610
QPE,5,0.333,0.34375,0.1,depolarizing,heavy-hex,202,0,321,4500.0,25,11.40625,1.0089833163951085,11.328125,9.765625,13.8671875,10.64453125,11.9140625,0.4164878430829069,10.989762156917093,11.822737843082907,11.4062 +/- 0.4165
QPE,5,0.333,0.34375,0.02,thermal,heavy-hex,204,0,322,4500.0,25,56.0234375,1.5881580660902017,56.0546875,52.44140625,59.27734375,54.8828125,56.93359375,0.6555594296483013,55.3678780703517,56.6789969296483,56.0234 +/- 0.6556
QPE,5,0.333,0.34375,0.05,thermal,heavy-hex,202,0,321,4500.0,25,48.06640625,1.3996449519852663,48.14453125,45.60546875,50.5859375,46.77734375,49.12109375,0.5777450406384622,47.48866120936154,48.64415129063846,48.0664 +/- 0.5777
QPE,5,0.333,0.34375,0.08,thermal,heavy-hex,202,0,321,4500.0,25,41.26953125,1.6846292826333036,41.11328125,36.71875,43.9453125,40.52734375,42.578125,0.6953807906606639,40.574150459339336,41.964912040660664,41.2695 +/- 0.6954
QPE,5,0.333,0.34375,0.1,thermal,heavy-hex,202,0,321,4500.0,25,37.0625,1.22074218687502,36.9140625,34.47265625,39.55078125,36.23046875,37.890625,0.5038976087219995,36.558602391278,37.566397608722,37.0625 +/- 0.5039
QPE,6,0.333,0.328125,0.0,ideal,ideal,51,41,107,12300.0,25,71.68359375,1.2360622286804872,71.97265625,68.9453125,73.73046875,70.8984375,72.65625,0.5102214111712766,71.17337233882873,72.19381516117127,71.6836 +/- 0.5102
QPE,6,0.333,0.328125,0.02,readout_only,ideal,51,41,107,12300.0,25,63.5546875,1.5728922793621989,63.8671875,59.86328125,66.30859375,62.890625,64.453125,0.6492580225942922,62.90542947740571,64.2039455225943,63.5547 +/- 0.6493
QPE,6,0.333,0.328125,0.05,readout_only,ideal,51,41,107,12300.0,25,52.7578125,1.6200050466953364,53.125,49.609375,55.46875,51.66015625,53.90625,0.6687052171409278,52.089107282859075,53.426517717140925,52.7578 +/- 0.6687
QPE,6,0.333,0.328125,0.08,readout_only,ideal,51,41,107,12300.0,25,44.13671875,1.6000632114639528,44.04296875,41.30859375,46.875,42.96875,45.5078125,0.6604736321308727,43.47624511786913,44.79719238213087,44.1367 +/- 0.6605
QPE,6,0.333,0.328125,0.1,readout_only,ideal,51,41,107,12300.0,25,38.5078125,1.6977214427964116,38.76953125,34.66796875,42.1875,37.5,39.74609375,0.7007849687665123,37.80702753123349,39.20859746876651,38.5078 +/- 0.7008
QPE,6,0.333,0.328125,0.02,depolarizing,ideal,51,41,107,12300.0,25,33.9609375,1.4703347604750858,34.1796875,30.078125,36.71875,33.49609375,34.765625,0.6069243594512419,33.35401314054876,34.56786185945124,33.9609 +/- 0.6069
QPE,6,0.333,0.328125,0.05,depolarizing,ideal,51,41,107,12300.0,25,11.63671875,1.0975218630664514,11.71875,9.47265625,14.2578125,11.23046875,12.3046875,0.4530347589076309,11.18368399109237,12.08975350890763,11.6367 +/- 0.4530
QPE,6,0.333,0.328125,0.08,depolarizing,ideal,51,41,107,12300.0,25,5.19140625,0.6763943810558736,5.37109375,3.80859375,6.54296875,4.6875,5.6640625,0.2792018780308985,4.912204371969102,5.470608128030898,5.1914 +/- 0.2792
QPE,6,0.333,0.328125,0.1,depolarizing,ideal,51,41,107,12300.0,25,3.40234375,0.46722162944944085,3.515625,2.5390625,4.19921875,3.02734375,3.7109375,0.1928596097964402,3.2094841402035597,3.5952033597964403,3.4023 +/- 0.1929
QPE,6,0.333,0.328125,0.02,thermal,ideal,51,41,107,12300.0,25,52.03515625,1.4717934101921901,52.1484375,48.92578125,54.8828125,51.171875,52.9296875,0.6075264604618521,51.427629789538145,52.642682710461855,52.0352 +/- 0.6075
QPE,6,0.333,0.328125,0.05,thermal,ideal,51,41,107,12300.0,25,43.609375,1.2826347001732574,43.75,40.8203125,45.5078125,43.06640625,44.53125,0.5294455825563547,43.079929417443644,44.138820582556356,43.6094 +/- 0.5294
QPE,6,0.333,0.328125,0.08,thermal,ideal,51,41,107,12300.0,25,35.18359375,1.471750211723999,35.25390625,31.640625,37.59765625,34.66796875,36.1328125,0.6075086290105792,34.57608512098942,35.79110237901058,35.1836 +/- 0.6075
QPE,6,0.333,0.328125,0.1,thermal,ideal,51,41,107,12300.0,25,31.6953125,1.3831035070736017,31.73828125,28.80859375,34.765625,30.56640625,32.421875,0.5709170677663754,31.124395432233623,32.26622956776637,31.6953 +/- 0.5709
QPE,6,0.333,0.328125,0.0,ideal,line,223,102,461,36250.0,25,72.35546875,1.252172489557056,72.4609375,70.41015625,75.0,71.19140625,72.94921875,0.5168714000213971,71.8385973499786,72.8723401500214,72.3555 +/- 0.5169
QPE,6,0.333,0.328125,0.02,readout_only,line,210,100,447,35600.0,25,63.34765625,1.4220976602790307,62.890625,60.64453125,65.91796875,62.20703125,64.453125,0.587013063108893,62.76064318689111,63.93466931310889,63.3477 +/- 0.5870
QPE,6,0.333,0.328125,0.05,readout_only,line,228,100,450,35450.0,25,53.32421875,1.573266131587654,52.9296875,50.0,56.15234375,52.5390625,54.19921875,0.6494123412083678,52.67480640879163,53.97363109120837,53.3242 +/- 0.6494
QPE,6,0.333,0.328125,0.08,readout_only,line,223,102,461,36250.0,25,43.79296875,1.512379740828589,43.9453125,41.015625,46.97265625,42.7734375,44.62890625,0.6242796743462967,43.1686890756537,44.4172484243463,43.7930 +/- 0.6243
QPE,6,0.333,0.328125,0.1,readout_only,line,234,102,455,36100.0,25,38.5390625,1.7272277747089153,38.76953125,35.25390625,42.1875,37.20703125,39.35546875,0.7129645839651394,37.82609791603486,39.25202708396514,38.5391 +/- 0.7130
QPE,6,0.333,0.328125,0.02,depolarizing,line,228,100,450,35450.0,25,12.44921875,1.0525906287141744,12.40234375,10.44921875,14.84375,11.81640625,13.18359375,0.43448805691726367,12.014730693082736,12.883706806917264,12.4492 +/- 0.4345
QPE,6,0.333,0.328125,0.05,depolarizing,line,246,115,512,40900.0,25,2.26171875,0.634565272868441,2.24609375,0.9765625,3.61328125,1.85546875,2.63671875,0.2619356707864536,1.9997830792135465,2.5236544207864537,2.2617 +/- 0.2619
QPE,6,0.333,0.328125,0.08,depolarizing,line,231,104,460,36700.0,25,1.65625,0.376620711052233,1.5625,0.87890625,2.44140625,1.46484375,1.953125,0.1554613887640052,1.5007886112359947,1.8117113887640053,1.6562 +/- 0.1555
QPE,6,0.333,0.328125,0.1,depolarizing,line,226,102,453,36050.0,25,1.75390625,0.31704459142085795,1.85546875,0.9765625,2.34375,1.5625,1.953125,0.1308695752410904,1.6230366747589096,1.8847758252410904,1.7539 +/- 0.1309
QPE,6,0.333,0.328125,0.02,thermal,line,231,104,466,36800.0,25,36.875,1.7675061852303302,36.81640625,33.69140625,40.33203125,35.546875,37.98828125,0.7295906946731017,36.1454093053269,37.6045906946731,36.8750 +/- 0.7296
QPE,6,0.333,0.328125,0.05,thermal,line,229,100,448,35450.0,25,30.8359375,1.196797165692895,30.76171875,28.61328125,32.91015625,30.17578125,32.03125,0.4940135897668116,30.341923910233188,31.329951089766812,30.8359 +/- 0.4940
QPE,6,0.333,0.328125,0.08,thermal,line,226,102,453,36050.0,25,25.796875,1.1065362419884783,25.48828125,23.6328125,27.44140625,25.09765625,26.7578125,0.45675571164585915,25.340119288354142,26.253630711645858,25.7969 +/- 0.4568
QPE,6,0.333,0.328125,0.1,thermal,line,210,100,447,35600.0,25,23.36328125,1.2857908094935175,23.14453125,20.60546875,25.78125,22.55859375,24.31640625,0.5307483604536398,22.83253288954636,23.89402961045364,23.3633 +/- 0.5307
QPE,6,0.333,0.328125,0.0,ideal,heavy-hex,317,0,522,7300.0,25,71.5625,1.5706169377363044,71.58203125,68.5546875,74.31640625,70.60546875,72.75390625,0.6483188077325129,70.91418119226749,72.21081880773251,71.5625 +/- 0.6483
QPE,6,0.333,0.328125,0.02,readout_only,heavy-hex,266,0,501,7150.0,25,63.90625,1.3315552936016664,64.0625,60.7421875,66.89453125,63.0859375,64.6484375,0.5496390110385312,63.35661098896147,64.45588901103854,63.9062 +/- 0.5496
QPE,6,0.333,0.328125,0.05,readout_only,heavy-hex,298,0,535,7350.0,25,53.23828125,1.8766946551786312,52.63671875,49.609375,58.0078125,52.1484375,54.4921875,0.7746614798876342,52.463619770112366,54.012942729887634,53.2383 +/- 0.7747
QPE,6,0.333,0.328125,0.08,readout_only,heavy-hex,301,0,523,7150.0,25,43.76171875,1.2507118741170133,43.9453125,41.11328125,45.703125,42.7734375,44.43359375,0.516268487600238,43.245450262399764,44.277987237600236,43.7617 +/- 0.5163
QPE,6,0.333,0.328125,0.1,readout_only,heavy-hex,296,0,490,7000.0,25,38.48046875,1.6757558303481934,38.671875,35.546875,41.2109375,37.3046875,39.35546875,0.6917180095790811,37.788750740420916,39.172186759579084,38.4805 +/- 0.6917
QPE,6,0.333,0.328125,0.02,depolarizing,heavy-hex,298,0,490,6900.0,25,38.7109375,1.469177616718328,38.37890625,35.64453125,41.50390625,37.6953125,39.84375,0.606446713984208,38.104490786015795,39.317384213984205,38.7109 +/- 0.6064
QPE,6,0.333,0.328125,0.05,depolarizing,heavy-hex,291,0,483,6950.0,25,17.921875,1.3211053578178684,17.67578125,14.74609375,21.19140625,17.08984375,18.84765625,0.545325489551874,17.376549510448125,18.467200489551875,17.9219 +/- 0.5453
QPE,6,0.333,0.328125,0.08,depolarizing,heavy-hex,291,0,483,6950.0,25,8.8125,1.033219739351294,8.7890625,7.03125,10.83984375,8.0078125,9.375,0.4264921467785628,8.386007853221438,9.238992146778562,8.8125 +/- 0.4265
QPE,6,0.333,0.328125,0.1,depolarizing,heavy-hex,317,0,516,7350.0,25,5.66796875,0.8979066026541088,5.56640625,4.1015625,7.32421875,5.17578125,6.34765625,0.37063762913882353,5.297331120861177,6.038606379138823,5.6680 +/- 0.3706
QPE,6,0.333,0.328125,0.02,thermal,heavy-hex,307,0,522,7350.0,25,55.01171875,1.7844480839163432,55.17578125,51.171875,57.91015625,53.90625,56.34765625,0.7365839667389636,54.27513478326104,55.74830271673896,55.0117 +/- 0.7366
QPE,6,0.333,0.328125,0.05,thermal,heavy-hex,299,0,529,7400.0,25,45.28125,1.1363148534302903,45.21484375,43.359375,47.36328125,44.3359375,45.80078125,0.4690477183102662,44.812202281689736,45.750297718310264,45.2812 +/- 0.4690
QPE,6,0.333,0.328125,0.08,thermal,heavy-hex,309,0,537,7350.0,25,38.40625,1.2456819338116008,38.18359375,35.83984375,40.91796875,37.890625,39.2578125,0.5141922302879548,37.892057769712046,38.920442230287954,38.4062 +/- 0.5142
QPE,6,0.333,0.328125,0.1,thermal,heavy-hex,316,0,525,7400.0,25,33.0546875,1.4056282081640894,33.203125,29.98046875,36.23046875,32.51953125,33.69140625,0.5802148074027272,32.474472692597274,33.634902307402726,33.0547 +/- 0.5802
QPE,7,0.333,0.3359375,0.0,ideal,ideal,60,53,139,15900.0,25,61.69140625,1.571760076590136,61.62109375,58.3984375,64.453125,60.64453125,63.0859375,0.6487906722597458,61.04261557774026,62.34019692225974,61.6914 +/- 0.6488
QPE,7,0.333,0.3359375,0.02,readout_only,ideal,60,53,139,15900.0,25,54.125,1.4835181189033666,54.1015625,51.85546875,57.2265625,52.9296875,55.46875,0.612366182350753,53.512633817649245,54.737366182350755,54.1250 +/- 0.6124
QPE,7,0.333,0.3359375,0.05,readout_only,ideal,60,53,139,15900.0,25,43.5703125,1.7817649766130115,43.359375,39.94140625,46.97265625,42.28515625,44.43359375,0.7354764344781556,42.83483606552184,44.30578893447816,43.5703 +/- 0.7355
QPE,7,0.333,0.3359375,0.08,readout_only,ideal,60,53,139,15900.0,25,35.140625,1.6944320900610848,35.3515625,30.46875,37.98828125,34.27734375,36.23046875,0.6994271906906867,34.441197809309315,35.840052190690685,35.1406 +/- 0.6994
QPE,7,0.333,0.3359375,0.1,readout_only,ideal,60,53,139,15900.0,25,30.671875,1.4604752569195476,30.56640625,27.63671875,33.49609375,29.78515625,31.640625,0.6028545564099136,30.069020443590087,31.274729556409913,30.6719 +/- 0.6029
QPE,7,0.333,0.3359375,0.02,depolarizing,ideal,60,53,139,15900.0,25,23.9453125,1.385377046788194,24.51171875,21.38671875,26.07421875,22.75390625,24.8046875,0.5718555388357257,23.373456961164273,24.517168038835727,23.9453 +/- 0.5719
QPE,7,0.333,0.3359375,0.05,depolarizing,ideal,60,53,139,15900.0,25,6.9140625,0.7522278651231343,6.8359375,5.2734375,8.10546875,6.4453125,7.51953125,0.3105044017688307,6.6035580982311695,7.2245669017688305,6.9141 +/- 0.3105
QPE,7,0.333,0.3359375,0.08,depolarizing,ideal,60,53,139,15900.0,25,2.5390625,0.570822848852545,2.44140625,1.46484375,4.00390625,2.1484375,2.9296875,0.2356240913382353,2.3034384086617647,2.7746865913382353,2.5391 +/- 0.2356
QPE,7,0.333,0.3359375,0.1,depolarizing,ideal,60,53,139,15900.0,25,1.6640625,0.4325999191201802,1.5625,0.87890625,2.83203125,1.46484375,1.85546875,0.1785684701665076,1.4854940298334924,1.8426309701665076,1.6641 +/- 0.1786
QPE,7,0.333,0.3359375,0.02,thermal,ideal,60,53,139,15900.0,25,41.421875,1.6586428457268882,41.2109375,38.76953125,45.60546875,40.52734375,41.89453125,0.6846541167100663,40.737220883289936,42.106529116710064,41.4219 +/- 0.6847
QPE,7,0.333,0.3359375,0.05,thermal,ideal,60,53,139,15900.0,25,33.91015625,1.413285352744183,33.69140625,31.25,37.20703125,33.203125,34.375,0.5833755213397338,33.32678072866027,34.49353177133973,33.9102 +/- 0.5834
QPE,7,0.333,0.3359375,0.08,thermal,ideal,60,53,139,15900.0,25,27.2421875,1.2827586154562922,27.05078125,24.90234375,29.8828125,26.66015625,28.02734375,0.5294967322712385,26.712690767728763,27.771684232271237,27.2422 +/- 0.5295
QPE,7,0.333,0.3359375,0.1,thermal,ideal,60,53,139,15900.0,25,23.8828125,1.1827027982620684,23.828125,21.6796875,26.171875,23.4375,24.8046875,0.48819572083330354,23.394616779166697,24.371008220833303,23.8828 +/- 0.4882
QPE,7,0.333,0.3359375,0.0,ideal,line,328,164,732,58400.0,25,61.39453125,1.5341980251330873,61.328125,58.69140625,64.0625,60.44921875,62.59765625,0.6332858194649457,60.761245430535055,62.027817069464945,61.3945 +/- 0.6333
QPE,7,0.333,0.3359375,0.02,readout_only,line,328,164,732,58400.0,25,53.78125,1.2580611652490559,53.90625,50.87890625,55.95703125,53.41796875,54.58984375,0.5193021258795196,53.26194787412048,54.30055212587952,53.7812 +/- 0.5193
QPE,7,0.333,0.3359375,0.05,readout_only,line,328,164,732,58400.0,25,43.55859375,1.6927427630713234,43.359375,40.8203125,47.0703125,42.1875,44.82421875,0.6987298707818291,42.85986387921817,44.25732362078183,43.5586 +/- 0.6987
QPE,7,0.333,0.3359375,0.08,readout_only,line,328,162,749,58200.0,25,35.55078125,1.8611310258751963,35.9375,32.03125,38.4765625,34.27734375,36.71875,0.76823712946102,34.78254412053898,36.31901837946102,35.5508 +/- 0.7682
QPE,7,0.333,0.3359375,0.1,readout_only,line,349,163,739,58500.0,25,30.890625,1.4159370488256104,31.34765625,28.41796875,34.27734375,29.98046875,31.640625,0.5844700876854003,30.3061549123146,31.4750950876854,30.8906 +/- 0.5845
QPE,7,0.333,0.3359375,0.02,depolarizing,line,332,164,753,58800.0,25,4.37890625,0.5706000452340446,4.39453125,3.22265625,5.37109375,4.1015625,4.8828125,0.23553212252468564,4.143374127475314,4.614438372524686,4.3789 +/- 0.2355
QPE,7,0.333,0.3359375,0.05,depolarizing,line,326,164,739,58900.0,25,1.04296875,0.3097412407647208,0.9765625,0.48828125,1.7578125,0.87890625,1.26953125,0.12785490025823715,0.9151138497417628,1.1708236502582372,1.0430 +/- 0.1279
QPE,7,0.333,0.3359375,0.08,depolarizing,line,322,164,740,59000.0,25,0.78515625,0.25911131174651564,0.78125,0.29296875,1.3671875,0.5859375,0.9765625,0.10695589272303666,0.6782003572769634,0.8921121427230366,0.7852 +/- 0.1070
QPE,7,0.333,0.3359375,0.1,depolarizing,line,326,164,739,58900.0,25,0.80859375,0.2868280048425871,0.68359375,0.390625,1.66015625,0.5859375,0.9765625,0.11839678132585008,0.6901969686741499,0.9269905313258501,0.8086 +/- 0.1184
QPE,7,0.333,0.3359375,0.02,thermal,line,348,167,758,59900.0,25,21.16796875,1.552877679445797,20.8984375,18.84765625,25.29296875,20.21484375,21.6796875,0.6409964017984878,20.52697234820151,21.80896515179849,21.1680 +/- 0.6410
QPE,7,0.333,0.3359375,0.05,thermal,line,333,166,747,59550.0,25,18.125,1.2339773060563064,18.1640625,16.2109375,20.1171875,17.28515625,19.140625,0.5093607974102461,17.615639202589755,18.634360797410245,18.1250 +/- 0.5094
QPE,7,0.333,0.3359375,0.08,thermal,line,340,166,763,59450.0,25,14.359375,1.0020597226433865,14.55078125,12.6953125,15.8203125,13.57421875,15.234375,0.4136299240458117,13.945745075954187,14.773004924045813,14.3594 +/- 0.4136
QPE,7,0.333,0.3359375,0.1,thermal,line,324,162,728,57800.0,25,12.6875,0.9691778079240134,12.5,10.83984375,14.74609375,12.109375,13.4765625,0.40005693674723386,12.287443063252766,13.087556936747234,12.6875 +/- 0.4001
QPE,7,0.333,0.3359375,0.0,ideal,heavy-hex,411,0,761,11000.0,25,61.1640625,1.2498855538428622,61.42578125,58.7890625,63.18359375,60.05859375,62.109375,0.5159273993551851,60.648135100644815,61.679989899355185,61.1641 +/- 0.5159
QPE,7,0.333,0.3359375,0.02,readout_only,heavy-hex,357,0,652,9400.0,25,53.734375,1.6597445108290654,53.80859375,50.5859375,58.0078125,53.125,54.58984375,0.6851088617140221,53.04926613828598,54.41948386171402,53.7344 +/- 0.6851
QPE,7,0.333,0.3359375,0.05,readout_only,heavy-hex,434,0,787,11300.0,25,43.98828125,1.5275427126908931,43.65234375,40.91796875,46.77734375,43.26171875,45.21484375,0.6305386415096198,43.35774260849038,44.61881989150962,43.9883 +/- 0.6305
QPE,7,0.333,0.3359375,0.08,readout_only,heavy-hex,424,0,766,11100.0,25,35.7265625,1.5326328391354382,36.1328125,33.0078125,38.671875,34.66796875,36.62109375,0.6326397424391,35.0939227575609,36.3592022424391,35.7266 +/- 0.6326
QPE,7,0.333,0.3359375,0.1,readout_only,heavy-hex,387,0,694,10000.0,25,30.6328125,1.2502034339666819,30.76171875,28.41796875,33.30078125,29.6875,31.15234375,0.5160586138212493,30.11675388617875,31.14887111382125,30.6328 +/- 0.5161
QPE,7,0.333,0.3359375,0.02,depolarizing,heavy-hex,389,0,711,9850.0,25,28.3125,1.405854346105667,28.41796875,25.48828125,30.859375,27.44140625,29.19921875,0.5803081525571975,27.732191847442802,28.892808152557198,28.3125 +/- 0.5803
QPE,7,0.333,0.3359375,0.05,depolarizing,heavy-hex,462,0,783,11000.0,25,8.76171875,0.6879511422248978,8.7890625,7.421875,9.765625,8.30078125,9.27734375,0.2839722745816641,8.477746475418336,9.045691024581664,8.7617 +/- 0.2840
QPE,7,0.333,0.3359375,0.08,depolarizing,heavy-hex,437,0,779,10800.0,25,3.7109375,0.5105594772577513,3.61328125,2.44140625,4.58984375,3.41796875,4.00390625,0.21074859414756542,3.5001889058524345,3.9216860941475655,3.7109 +/- 0.2107
QPE,7,0.333,0.3359375,0.1,depolarizing,heavy-hex,407,0,737,10250.0,25,2.4140625,0.4186329540439794,2.34375,1.66015625,3.41796875,2.1484375,2.63671875,0.17280319034029165,2.2412593096597084,2.5868656903402916,2.4141 +/- 0.1728
QPE,7,0.333,0.3359375,0.02,thermal,heavy-hex,358,0,647,9100.0,25,44.8203125,1.8231666030295597,44.921875,40.625,48.6328125,43.65234375,45.8984375,0.7525661859201904,44.06774631407981,45.57287868592019,44.8203 +/- 0.7526
QPE,7,0.333,0.3359375,0.05,thermal,heavy-hex,398,0,744,10300.0,25,36.26953125,1.4230138668225518,36.23046875,33.10546875,39.16015625,35.25390625,37.59765625,0.5873912545823584,35.68213999541764,36.85692250458236,36.2695 +/- 0.5874
QPE,7,0.333,0.3359375,0.08,thermal,heavy-hex,360,0,650,9200.0,25,29.73828125,1.3105357170103742,29.6875,27.44140625,32.12890625,29.00390625,30.37109375,0.5409625562599716,29.19731869374003,30.27924380625997,29.7383 +/- 0.5410
QPE,7,0.333,0.3359375,0.1,thermal,heavy-hex,421,0,737,10350.0,25,25.2421875,1.5538599824737953,25.09765625,22.36328125,29.00390625,24.12109375,26.3671875,0.6414018765598015,24.6007856234402,25.8835893765598,25.2422 +/- 0.6414
